pages,price
50,145
75,160
100,175
125,190
150,205
175,220
200,235
225,250
250,265
275,280
300,295
325,310
350,325
375,340
400,355
425,370
450,385
475,400
500,415
525,430
550,445
575,460
600,475
625,490
650,505
675,520
700,535
725,550
750,565
775,580
800,595
825,610
850,625
875,640
900,655
925,670
950,685
975,700
1000,715
1025,730
1050,745
1075,760
1100,775
1125,790
1150,805
1175,820
1200,835
1225,850
1250,865
1275,880
1300,895
1325,910
1350,925
1375,940
1400,955
1425,970
1450,985
1475,1000
1500,1015
1525,1030
1550,1045
1575,1060
1600,1075
1625,1090
1650,1105
1675,1120
1700,1135
1725,1150
1750,1165
1775,1180
1800,1195
1825,1210
1850,1225
1875,1240
1900,1255
1925,1270
1950,1285
1975,1300
2000,1315
2025,1330
2050,1345
2075,1360
2100,1375
2125,1390
2150,1405
2175,1420
2200,1435
2225,1450
2250,1465
2275,1480
2300,1495
2325,1510
2350,1525
2375,1540
2400,1555
2425,1570
2450,1585
2475,1600
2500,1615
2525,1630
2550,1645
2575,1660
2600,1675
2625,1690
2650,1705
2675,1720
2700,1735
2725,1750
2750,1765
2775,1780
2800,1795
2825,1810
2850,1825
2875,1840
2900,1855
2925,1870
2950,1885
2975,1900
3000,1915
3025,1930
3050,1945
3075,1960
3100,1975
3125,1990
3150,2005
3175,2020
3200,2035
3225,2050
3250,2065
3275,2080
3300,2095
3325,2110
3350,2125
3375,2140
3400,2155
3425,2170
3450,2185
3475,2200
3500,2215
3525,2230
3550,2245
3575,2260
3600,2275
3625,2290
3650,2305
3675,2320
3700,2335
3725,2350
3750,2365
3775,2380
3800,2395
3825,2410
3850,2425
3875,2440
3900,2455
3925,2470
3950,2485
3975,2500
4000,2515
4025,2530
4050,2545
4075,2560
4100,2575
4125,2590
4150,2605
4175,2620
4200,2635
4225,2650
4250,2665
4275,2680
4300,2695
4325,2710
4350,2725
4375,2740
4400,2755
4425,2770
4450,2785
4475,2800
4500,2815
4525,2830
4550,2845
4575,2860
4600,2875
4625,2890
4650,2905
4675,2920
4700,2935
4725,2950
4750,2965
4775,2980
4800,2995
4825,3010
4850,3025
4875,3040
4900,3055
4925,3070
4950,3085
4975,3100
5000,3115