experience_years,salary
13.11,79175.53
33.28,193578.8
25.62,167398.51
20.95,134834.97
5.46,47524.55
5.46,54532.95
2.03,27399.81
30.32,181643.68
21.04,131428.48
24.78,147611.54
0.72,31959.45
33.95,195769.62
29.14,182642.52
7.43,58904.05
6.36,58711.91
6.42,48498.19
10.65,67250.21
18.37,117327.26
15.12,109307.81
10.19,70275.19
21.41,126441.41
4.88,48570.45
10.23,68057.67
12.82,88901.4
15.96,91957.6
27.48,169896.71
6.99,54092.65
18.0,121005.21
20.73,115074.68
1.63,42544.09
21.26,133582.87
5.97,59379.6
2.28,31806.08
33.21,191414.28
33.8,181596.32
28.29,161819.65
10.66,83444.22
3.42,52575.55
23.95,139326.99
15.41,93285.12
4.27,55035.29
17.33,111921.28
1.2,14864.11
31.83,189920.47
9.06,67290.42
23.19,145908.98
10.91,66619.81
18.2,88776.69
19.13,122077.32
6.47,60388.99
33.94,177828.47
27.13,148549.1
32.88,211349.51
31.32,178249.44
20.93,132806.31
32.27,179734.82
3.1,26535.81
6.86,57843.96
1.58,34372.96
11.39,74989.94
13.6,90017.66
9.5,71586.16
29.01,166964.99
12.49,73709.79
9.83,74942.34
18.99,102565.38
4.93,34797.56
28.08,168930.92
2.61,46242.85
34.54,194082.8
27.03,144391.5
6.96,53612.67
0.19,26817.32
28.54,151899.04
24.74,136892.63
25.52,152919.66
26.99,168178.24
2.59,38279.96
12.55,91227.43
4.06,32362.52
30.21,180702.92
21.82,123162.35
11.58,82038.67
2.22,37885.52
10.88,87024.79
11.38,70929.06
25.54,152826.98
22.31,129608.82
31.05,178177.86
16.53,106149.09
4.19,41999.32
24.96,144235.96
26.63,153303.45
19.64,123773.28
26.98,156700.18
17.28,118305.28
18.3,124037.61
14.96,90101.0
0.89,40258.56
3.78,37331.88
1.1,39020.17
22.27,137089.51
11.0,60152.03
17.8,114757.23
31.76,178999.65
8.73,59713.2
14.36,106986.53
26.44,147187.91
8.01,56569.68
2.69,42997.28
10.14,78040.91
5.64,53719.85
32.54,196381.08
28.28,168422.58
22.17,112882.52
30.5,172170.93
28.13,158186.8
6.53,62198.51
31.24,158145.63
18.88,140319.98
28.26,188291.38
31.36,182328.82
11.13,87095.01
3.85,67669.82
7.98,70713.44
14.95,107008.03
28.63,167112.98
30.13,173440.42
0.24,25280.35
17.88,107293.9
14.61,91116.92
7.77,51083.47
4.2,48582.76
11.82,66381.05
33.0,190052.21
11.31,77688.5
18.16,116830.09
24.61,138038.55
12.73,111992.58
34.01,204063.05
33.69,180630.75
8.81,68487.62
17.4,106937.54
10.53,65434.01
9.97,60034.78
1.29,38734.67
21.33,122348.89
17.59,121234.62
1.8,46239.18
9.75,82131.94
31.79,175850.95
8.38,68881.2
5.07,58142.41
17.13,106747.78
34.5,187841.68
8.47,78856.25
23.52,139140.0
26.66,159416.56
8.32,17885.98
25.49,136856.13
12.87,81843.35
22.13,130189.07
22.17,122369.15
18.75,118051.72
3.16,30248.66
29.24,160071.86
11.23,83257.37
6.53,63249.76
1.43,32464.3
20.68,117018.13
23.71,129355.68
0.58,28004.14
17.92,120008.59
7.93,71016.25
22.58,128860.54
6.1,46794.48
24.18,142618.69
13.54,83588.73
32.79,183116.07
4.81,63021.04
11.94,88395.28
3.97,49613.42
32.36,174890.76
30.71,179550.45
9.03,76409.22
23.1,132103.53
28.6,177319.77
19.43,131878.33
18.54,131373.54
8.46,67742.54
3.26,50055.78
31.4,193275.51
31.51,185599.0
22.16,127094.36
11.87,77159.57
12.22,84982.48
25.41,135809.62
31.4,180019.28
31.05,188821.84
27.3,139251.0
22.47,145668.68
2.94,53115.26
5.66,51068.5
31.45,186100.72
21.23,127749.61
0.32,40210.34
3.55,54762.92
23.22,123939.7
0.18,33954.28
5.63,53122.59
19.21,120694.05
24.22,134318.3
22.82,148941.19
7.85,71680.34
24.93,137868.91
8.3,53188.25
11.39,75123.5
26.13,154570.37
22.74,135777.81
29.72,183048.79
23.02,141648.11
19.89,130914.68
3.28,47934.6
12.87,74860.91
9.28,66763.46
8.54,74447.64
34.06,192233.13
13.76,96187.51
31.22,177658.55
22.09,122326.57
27.82,160021.44
17.59,115628.1
20.19,118247.47
17.24,109301.05
6.83,51214.03
25.29,155615.64
9.83,68281.55
0.85,45010.82
22.59,146119.1
6.2,56255.08
32.92,179499.3
33.39,172281.99
32.02,171648.83
12.96,75491.28
0.54,42676.23
32.49,187241.91
14.99,102473.73
33.83,172920.51
33.73,181190.0
29.86,180684.12
10.31,75419.44
13.48,88997.7
29.79,177576.62
11.09,90761.35
5.93,54104.2
19.49,121700.11
32.77,189072.91
24.36,161563.23
19.95,105063.92
3.4,51531.23
21.53,127894.54
34.65,199820.94
4.9,46522.54
18.14,115093.43
30.71,183806.71
25.93,176174.64
24.4,148272.53
24.59,135171.63
12.58,81401.49
10.28,68986.55
28.33,148909.87
28.35,161526.71
30.35,182079.14
31.96,173070.44
17.9,123322.86
17.55,116962.47
27.94,155573.75
22.75,132582.08
24.57,155872.79
27.85,167514.9
31.15,180087.75
11.83,78753.23
13.15,88933.29
3.29,40856.41
20.24,106113.06
1.26,78084.56
16.3,107808.57
18.99,101570.49
10.03,71204.3
20.68,119412.77
1.07,32265.81
1.31,21553.31
28.79,186319.17
12.61,74650.95
4.45,41506.14
18.28,112370.72
26.95,166724.28
7.55,61888.78
21.8,119432.95
2.99,54440.09
1.81,44043.0
18.6,122061.83
18.92,124923.4
22.31,152318.57
25.41,165379.07
34.15,187224.19
18.07,128996.43
11.3,81209.05
27.83,165392.36
9.48,54877.95
15.36,99887.3
2.75,35699.0
0.89,39899.38
33.69,200341.58
29.26,152097.64
24.36,141033.22
14.31,104743.7
6.07,54877.3
5.48,60498.85
8.76,69279.17
19.22,122963.23
25.01,142302.73
23.11,124988.26
9.8,61120.62
33.42,196174.27
25.83,149302.68
19.4,119595.65
21.41,124825.93
14.69,94812.88
8.67,74846.37
12.46,81448.07
26.52,141822.78
0.5,37075.69
4.06,46921.14
1.61,37042.28
1.43,49450.94
29.94,173448.67
24.63,145050.22
16.6,98048.4
3.42,43962.43
17.21,116331.31
16.57,94720.74
6.06,58159.59
15.18,101165.78
13.95,93387.37
21.55,137799.81
22.23,134478.13
1.59,49208.55
13.11,79636.96
21.91,131503.15
17.61,113801.23
29.98,164735.17
23.05,143227.19
5.7,74904.55
2.47,41092.31
22.48,136974.22
0.93,33801.71
20.5,118928.99
32.91,172561.15
20.14,117631.76
13.59,79055.05
22.52,147292.1
16.04,104123.38
19.1,116610.17
32.95,195776.31
13.51,80922.56
33.64,184515.6
31.69,183196.23
6.85,68011.93
2.43,45288.42
3.53,48410.79
0.64,32155.31
3.31,48683.45
23.91,140705.87
2.49,32591.04
11.16,77618.91
29.57,162404.34
0.81,33151.22
28.51,161168.99
9.86,92538.67
4.14,48636.2
24.39,129418.98
22.01,129633.66
30.71,182192.31
25.73,162796.32
28.12,157911.36
9.87,57531.52
6.21,63928.31
26.27,139987.9
28.24,159928.62
34.67,192875.29
14.44,95375.07
13.02,93407.59
27.17,151327.85
11.93,78987.32
32.58,186506.0
30.04,175468.26
15.01,100158.15
26.28,155481.84
26.41,159707.53
3.61,50008.63
31.59,186008.97
17.68,99980.57
28.93,168194.92
11.2,81497.66
31.34,187162.31
13.62,85216.09
0.38,24468.84
31.69,177742.93
3.2,49324.73
11.18,86076.4
33.25,185998.2
33.27,174195.43
20.07,124409.27
22.11,130121.2
15.7,101410.67
10.26,79124.11
11.5,81775.39
23.54,156612.43
26.33,144842.11
27.71,164782.24
27.64,155460.62
3.19,37363.02
17.3,111536.03
2.01,40074.47
19.23,144905.94
15.45,100279.67
31.07,170003.45
12.28,85612.17
4.1,31177.08
5.0,51726.51
26.65,154124.2
21.64,136058.14
3.54,54630.56
2.94,39289.15
24.53,140827.67
2.55,35109.57
28.77,157220.5
24.72,145696.05
2.85,32276.92
2.97,40168.23
34.53,186077.89
13.1,92684.5
12.97,102579.96
28.45,153838.15
33.15,173307.19
34.51,193388.1
26.37,152427.01
13.17,90280.06
2.92,39673.49
27.2,155589.59
19.54,124454.29
14.85,107198.07
31.72,166165.06
3.89,44788.25
17.24,113140.31
0.4,22367.09
16.4,121772.65
1.97,33277.03
4.16,48721.43
4.11,53606.31
22.72,128647.65
26.11,135090.04
20.42,121033.19
33.68,199921.29
13.12,85271.92
10.0,64369.41
30.4,184005.36
7.83,59941.9
33.71,186981.02
0.43,31594.27
33.95,198791.15
1.51,56488.06
31.19,187242.69
18.47,126798.81
34.75,191100.73
2.58,33082.07
19.38,121233.65
33.93,193071.18
18.31,107076.16
22.03,129347.51
24.35,144575.03
15.91,107453.75
21.96,134868.7
20.45,127274.81
31.54,212876.25
1.59,32303.39
9.83,60623.16
33.26,204682.16
31.16,180172.48
15.95,102693.72
21.7,121669.18
9.71,95211.27
6.58,49193.26
16.23,102487.31
12.37,87309.7
20.43,129816.52
2.72,50626.35
34.1,208225.95
34.52,198780.63
24.44,132630.9
18.76,115998.33
10.83,78162.67
28.48,182692.11
23.97,127400.6
5.69,65325.84
31.88,185058.05
28.79,174072.26
33.24,188557.16
25.4,139572.85
21.47,135038.68
14.64,102690.53
32.65,195186.65
30.31,175546.67
1.58,31530.5
0.92,19805.97
13.18,95428.11
28.37,168028.85
34.55,186414.68
5.26,48929.72
20.79,122128.44
13.33,76772.14
33.95,185294.38
29.47,161339.18
29.34,166703.31
16.4,100784.8
14.52,82592.49
9.57,86842.68
1.97,49337.8
30.27,168783.97
28.45,167238.69
34.99,199875.94
34.88,206028.66
19.44,113963.71
26.91,164845.61
33.07,184041.93
29.74,161126.32
8.66,72050.21
15.77,114588.16
4.52,72576.2
33.39,179831.82
21.22,133629.84
8.0,59920.43
23.51,143794.95
21.63,116792.7
12.54,74002.88
3.97,41688.44
23.51,137787.13
18.21,110366.44
27.03,161870.39
18.21,124522.0
29.83,178077.67
19.32,134193.17
19.63,125211.07
30.68,167284.8
14.12,105660.67
4.69,46123.05
1.01,41256.59
26.43,166034.97
21.71,133469.83
24.64,129951.21
7.45,53601.02
4.77,62839.75
0.51,29346.2
12.27,83903.19
20.65,131990.6
13.73,97652.4
15.31,103406.34
31.65,180646.77
12.19,80109.2
17.99,122122.55
27.43,163388.55
13.88,90441.08
21.77,139028.19
30.18,173859.54
33.23,182145.01
5.15,46609.18
32.43,177673.76
17.22,108920.52
9.04,77906.5
16.07,98426.68
34.3,195235.92
17.24,105739.88
11.51,76811.6
22.17,118561.56
8.41,63044.15
2.66,40514.4
4.51,55131.43
4.48,52317.39
5.32,43518.55
4.86,61152.69
22.43,134246.56
6.37,59226.64
12.1,82181.25
31.39,176781.27
16.59,109881.96
23.36,140518.92
6.03,41492.46
6.73,54253.95
1.43,33645.8
5.91,58089.67
9.75,98807.16
6.2,50371.6
3.1,40105.58
4.22,44984.95
16.13,98768.88
7.22,57625.44
12.75,92520.9
17.62,104171.79
24.16,143884.72
1.38,21053.24
27.98,157281.63
21.98,127828.98
2.86,57408.45
30.58,174727.88
32.23,166398.69
2.14,22554.52
9.69,70469.91
28.22,168718.22
26.19,154430.4
6.46,59293.57
7.33,70832.09
12.97,82646.48
16.96,117526.41
21.64,115436.88
12.91,79222.33
16.19,90553.74
26.16,148741.25
1.28,34629.01
8.84,67569.46
24.97,144901.4
31.33,173027.96
17.91,112847.05
18.62,104869.16
3.75,58891.69
15.66,100424.38
18.64,113516.34
8.49,78737.32
9.42,58465.47
13.2,79065.13
0.7,22529.13
11.27,77214.64
7.4,64884.45
11.46,85077.77
4.19,71074.36
31.17,160983.88
20.78,131199.18
23.77,133606.33
27.62,154878.69
17.45,107037.47
3.04,36317.01
18.8,132647.94
20.54,132294.53
26.09,150859.58
15.11,111350.31
4.47,37496.15
9.93,59945.63
12.71,67215.67
22.61,127244.68
19.98,124378.9
12.46,85196.75
34.53,195789.29
21.2,115641.9
8.3,71356.29
3.56,48496.2
5.35,60062.39
8.61,49616.25
5.62,57501.71
6.53,48027.56
9.98,68088.62
6.07,61016.17
31.39,181952.59
2.81,35674.26
18.36,116511.98
14.36,82489.12
34.38,203731.95
3.92,46307.73
13.92,102409.02
33.93,187707.9
30.29,171104.02
28.6,159308.1
9.03,74818.58
5.98,50129.76
23.4,142127.39
32.53,183167.3
19.49,104309.5
20.01,118268.38
9.8,60638.25
26.93,155957.83
6.55,48064.32
11.33,85955.54
14.89,97828.29
17.77,112302.49
8.48,70798.21
4.02,56669.92
21.37,128110.85
10.1,65476.95
20.34,109316.42
5.4,48198.25
16.84,104075.59
18.64,118577.76
1.81,34921.91
11.78,86354.8
4.7,46112.58
2.22,39473.66
34.65,205054.48
11.28,80747.28
28.35,163771.46
8.91,61792.23
23.85,133357.86
26.61,146489.11
20.85,121696.2
16.51,114017.99
14.41,93920.17
12.21,71414.43
32.53,201470.82
29.07,171349.7
33.78,179609.28
4.35,46122.14
25.58,148682.85
32.84,202248.5
6.34,48040.63
2.33,48812.65
25.94,161681.61
20.11,118154.06
29.46,168559.35
4.89,43258.7
27.83,159437.97
7.06,59680.17
5.73,60844.65
5.75,64582.51
28.51,158918.13
23.28,119382.76
18.31,116057.99
12.56,87365.64
30.7,179848.32
13.74,88998.76
28.58,166764.51
15.37,114249.48
13.19,91807.32
16.19,102767.3
10.55,69890.09
26.17,149662.03
17.6,126927.19
8.13,62310.61
31.49,181485.95
13.44,85899.11
19.02,128598.64
31.73,199460.95
21.85,133954.97
4.09,49489.82
32.89,188291.8
21.97,110336.4
11.72,86517.47
4.87,53138.81
27.79,164542.62
21.7,123508.34
18.67,114528.35
31.29,177192.86
27.6,168424.21
5.31,50455.23
10.91,93634.16
8.7,69714.25
26.04,139515.17
1.17,33331.37
19.95,117346.23
26.69,135534.6
30.69,191244.39
11.97,87538.03
28.74,171215.09
3.87,49243.6
29.63,160098.86
4.46,46228.72
13.91,99938.21
27.91,152665.67
5.25,31921.04
8.02,61552.29
25.28,144858.75
25.2,165536.64
22.44,138690.64
24.29,146284.85
19.0,121338.63
8.81,76672.59
12.1,69353.67
6.36,61794.03
31.8,188451.96
20.42,114143.52
14.03,80750.31
16.17,99473.34
33.15,183439.76
5.37,60300.49
20.52,119830.8
17.71,106254.08
21.4,123194.42
0.63,40978.2
30.52,176905.42
32.62,185308.83
19.78,121310.55
24.38,152322.29
32.29,178994.65
24.75,154426.01
5.34,55578.33
20.17,122375.5
21.24,149018.55
14.84,89362.8
25.78,145840.25
32.7,176693.87
32.39,193932.64
15.78,118032.23
3.96,62429.28
34.47,204694.75
29.36,168645.29
4.36,46826.45
32.23,170899.55
30.45,193684.87
18.16,119574.81
20.69,121537.9
13.97,104428.54
1.92,30127.45
11.73,83695.44
28.1,161320.56
0.16,34309.16
11.67,79376.49
13.94,80633.61
18.81,119013.89
32.19,193865.55
12.12,82143.77
12.14,113179.36
25.81,140171.0
15.83,103718.44
7.86,57574.53
15.84,110333.91
4.93,52484.06
6.17,62718.8
17.44,121538.63
14.66,103147.04
32.02,186479.7
12.68,77104.29
20.32,124285.5
22.13,126706.16
0.46,27580.17
23.22,132662.3
6.23,48730.56
33.64,174379.76
5.2,47594.34
14.51,98025.41
2.99,32319.07
34.89,196070.29
17.58,129080.67
20.84,134957.27
2.35,54589.57
26.25,154912.91
7.35,70946.28
31.43,175243.55
7.18,54950.92
6.67,35352.22
1.28,45079.16
16.52,120777.51
19.77,117504.13
2.3,38217.41
27.14,150542.5
15.87,107401.4
18.35,126002.19
15.43,86878.82
14.03,96986.56
19.59,119147.82
5.43,94633.9
6.37,61447.74
30.16,173246.01
33.11,188013.94
13.07,85996.71
9.48,77496.8
22.54,136469.85
14.31,97037.46
0.89,22064.62
5.47,51046.66
25.06,152506.54
23.06,135454.32
0.95,38801.31
7.77,77561.23
8.09,72548.14
23.52,137959.1
0.69,27434.24
3.64,25120.93
28.0,160729.74
6.25,54352.51
22.85,137517.39
8.34,63348.38
3.48,43363.8
8.51,50201.25
25.28,138076.73
29.95,177720.95
29.06,183132.73
13.9,91932.51
23.38,139346.25
7.17,68504.54
10.26,65874.95
31.37,184223.01
0.46,24192.74
2.99,51156.25
7.28,62057.06
0.93,35624.15
6.35,50832.75
20.41,130643.31
14.75,115501.66
31.24,171908.81
28.61,162993.96
11.96,83478.76
9.08,74273.03
13.29,84373.6
20.66,101509.55
9.38,80402.2
21.85,136576.84
14.33,80487.93
19.32,115288.67
15.26,114095.92
10.31,85290.91
33.2,197209.53
26.73,152930.84
4.9,52819.61
30.4,174999.67
17.06,120018.04
31.31,173355.27
27.99,155298.72
14.88,107144.27
0.79,31930.81
9.4,80657.25
18.96,113275.23
22.17,130942.17
9.03,59528.43
4.88,52072.56
29.22,156948.44
34.45,190086.32
18.4,104429.08
6.01,62158.46
9.53,75575.28
0.64,16816.56
32.0,195408.88
4.12,70141.69
20.18,124160.42
9.59,64299.6
19.4,144755.46
22.8,122790.17
29.04,168619.65
7.22,62114.22
0.38,41534.84
4.79,54725.75
31.5,177490.6
30.59,169036.09
20.91,123623.4
21.02,118380.06
23.28,136486.4
6.14,51929.91
32.0,171389.61
14.66,107905.15
13.41,85612.58
18.16,104821.67
1.64,35524.84
5.82,56155.46
25.83,134319.72
2.9,46167.48
21.11,118386.98
8.59,80165.46
13.63,95574.26
10.1,68643.2
12.45,77903.76
25.17,144558.01
10.4,78634.28
19.82,122200.46
16.66,106563.67
23.23,136362.82
32.79,182403.21
25.64,145159.53
7.52,43925.19
1.09,42253.14
9.18,70538.06
20.83,119646.42
1.8,53921.51
17.37,112696.9
20.89,117646.4
11.7,87340.28
26.98,159353.64
3.73,50569.04
2.63,38416.22
25.49,151043.87
17.34,109584.74
24.09,144631.48
15.22,84313.4
8.62,62077.52
28.67,180869.07
27.98,155534.1
24.31,135863.47
9.53,65652.12
20.66,115255.99
12.63,66531.85
3.21,42853.79
32.11,185704.87
4.79,51212.36
33.26,188255.22
15.61,103094.95
6.48,66639.48
18.97,117402.51
30.55,172067.07
25.63,145618.56
28.23,168502.19
23.06,147114.63
24.23,135234.73
29.72,173232.6
8.74,69090.69
17.13,102336.59
7.74,62622.15
34.57,182219.14
33.04,173559.71
1.38,38658.4
24.7,139677.35
32.38,187506.87
6.32,57225.38
19.88,114325.11
32.04,183875.88
1.19,24021.3
24.41,153299.03
10.41,61937.76
32.35,183992.03
33.99,183543.07
33.05,193475.29
16.6,105259.43
30.17,170486.26
29.56,178717.59
11.17,77499.98
29.01,172669.3
1.3,26742.42
20.87,114437.07
8.05,64492.4
4.22,46621.12
2.69,47673.96
24.37,140596.7
11.9,82878.01
25.37,132750.03
2.29,56364.85
11.04,75168.77
18.88,124604.4
27.68,153088.47
11.16,79804.98
21.91,119277.95
31.01,183147.95
21.56,125959.94
8.15,64214.6
0.85,38611.45
30.45,165941.17
0.74,26259.16
30.61,181157.87
18.51,134960.19
32.87,186692.99
27.96,166943.67
34.93,195173.17
12.27,99760.47
26.85,140331.13
14.07,94553.53
16.8,95279.55
21.96,109269.12
30.58,179610.3
34.44,195373.39
26.89,152990.62
14.62,96127.17
14.75,124103.29
25.82,146879.75
8.36,69071.85
3.87,42293.92
12.41,86537.46
10.05,69783.3
10.37,69800.6
8.18,79512.2
1.47,46049.28
0.63,32586.73
34.57,175099.0
14.97,96009.94
13.45,113064.77
23.79,136471.44
7.64,71450.4
33.25,201703.7
27.52,161119.88
3.13,37300.21
14.62,76291.36
30.77,183892.3
33.07,181768.82
16.36,108321.53
21.47,118032.27
5.85,53415.62
34.69,195442.38
8.11,66080.97
33.0,178927.51
22.74,143911.84
21.27,122823.3
17.94,100391.69
8.07,62740.49
6.18,57163.06
7.72,63721.51
6.53,69685.7
27.29,155804.76
12.25,82118.68
2.02,29581.59
33.92,199107.34
30.93,153170.86
32.47,182600.85
34.82,179477.72
6.09,68817.32
13.87,82130.25
26.54,148277.8
24.36,144274.61
5.39,43797.47
28.55,152847.72
7.86,44808.24
7.83,68910.38
18.79,113676.19
20.75,150820.71
20.3,115790.7
3.2,36965.79
30.71,150119.42
9.3,70551.93
4.53,46633.02
31.11,184998.07
33.45,181937.91
30.17,163167.66
28.33,148920.89
22.93,115673.97
19.28,115883.62
3.04,41494.32
14.3,89737.01
13.04,98256.16
9.09,78074.25
25.32,143442.69
17.36,96626.26
2.84,38233.9
7.71,57219.47
23.91,133448.45
2.66,36276.58
29.79,167234.88
17.33,108465.8
16.82,133468.63
20.73,127639.52
28.86,170461.36
12.17,74938.66
23.73,148966.93
19.8,113995.91
9.35,54944.46
30.75,181224.96
27.91,154681.0
23.05,137792.71
29.77,152234.74
30.36,187727.77
24.79,149165.08
29.3,157187.56
24.41,128915.22
23.8,152728.1
21.65,123089.61
26.35,145066.16
5.55,35323.2
30.83,175411.91
30.51,174806.91
1.02,39688.54
28.9,155742.58
4.51,37615.13
11.73,84057.42
26.02,158826.69
5.63,41509.4
28.63,175184.94
29.12,169261.28
17.76,123069.35
0.22,28619.21
10.05,50336.72
21.59,127837.61
34.34,202802.88
22.11,123577.47
9.09,64345.44
22.19,129984.86
18.9,94100.28
27.29,172076.68
3.74,39612.84
26.64,158185.58
18.94,118193.4
33.7,201975.04
11.97,84972.19
22.14,129290.7
32.62,179224.02
3.59,53356.1
32.8,171670.84
24.08,145307.7
2.37,31412.57
10.53,84715.94
24.79,144786.54
2.36,46143.2
20.38,125215.33
12.11,67406.29
21.73,122354.28
1.6,42442.07
30.5,178102.13
34.07,202775.25
33.91,195529.43
26.24,143307.88
4.55,43944.66
26.54,154183.62
0.86,13045.01
0.77,46465.72
11.33,81826.92
17.1,121068.11
26.96,142428.15
23.92,149619.05
15.61,121676.57
9.58,58456.51
34.9,202528.24
14.92,98763.8
15.8,90652.83
5.73,59423.01
27.82,168155.11
24.28,135709.12
7.73,72302.87
2.88,29110.23
23.82,125867.92
22.91,135625.26
9.56,69844.07
33.28,183485.27
5.29,60474.37
15.13,104515.72
33.03,195826.39
14.69,96386.48
22.35,137244.55
13.92,89058.96
9.6,87230.86
34.44,187266.56
14.33,113181.91
31.29,181018.66
8.05,51882.23
7.46,73052.15
1.09,35037.27
22.81,175474.71
12.9,97238.08
30.25,178209.11
16.56,102859.61
33.89,200300.58
6.49,58000.56
30.4,181971.44
27.18,138871.18
26.98,159771.62
29.57,166084.26
26.64,167939.14
21.92,135693.72
4.59,52914.68
1.14,38366.1
32.23,176618.68
21.58,142889.64
27.88,178365.62
16.85,112729.55
4.11,62365.99
4.38,45169.17
23.99,132647.5
15.06,99940.56
7.02,63551.32
17.21,107797.8
2.25,44679.04
20.37,127096.42
9.41,60501.72
27.91,166067.15
10.86,83032.27
15.93,105978.57
0.41,40018.71
2.54,31218.39
13.74,95763.14
16.8,99160.57
21.0,117403.63
10.21,67161.38
24.32,133038.62
30.1,169868.5
27.29,156051.14
1.39,42693.1
16.82,106479.39
3.67,33477.06
8.47,74864.52
34.53,187424.75
4.99,51941.39
17.46,116175.56
21.64,130992.28
24.59,151677.26
19.59,125572.2
0.34,22544.52
11.43,97115.95
18.12,117065.42
3.08,42946.91
12.27,91427.96
1.16,36481.68
2.75,46022.41
13.89,113890.88
4.65,48745.43
19.86,119869.17
24.13,141079.14
28.02,171412.1
7.01,47002.31
5.86,39020.12
3.66,41907.65
22.28,117936.2
24.73,139493.53
1.11,38324.57
32.77,179873.01
1.82,25754.89
18.95,119523.99
24.82,150910.65
30.48,162172.71
24.99,151485.4
28.06,169494.94
11.88,89162.78
28.52,175686.9
2.8,61609.17
31.32,177818.52
19.17,120760.85
28.61,162311.49
15.83,103977.9
22.53,145878.61
18.42,105312.19
25.61,140563.73
2.86,54856.25
2.11,48084.22
8.65,62774.84
5.58,61969.14
30.51,179631.73
7.67,74947.15
34.16,193696.41
11.79,89280.95
6.37,80027.06
27.64,165059.86
23.05,135520.13
17.44,118405.12
19.44,117807.56
25.17,165777.64
8.0,64909.97
34.87,193542.96
34.12,185812.62
22.76,143165.08
6.98,67103.54
23.81,134300.84
2.53,46422.67
1.07,21052.5
9.02,68912.0
16.19,109778.65
30.39,190588.15
25.45,140463.61
25.99,139240.85
14.89,91002.91
12.11,70950.83
12.99,98710.6
34.57,207838.28
1.4,38391.61
30.35,186223.41
20.25,125194.48
15.35,100456.07
25.38,143813.08
17.03,107656.94
30.57,163878.7
31.52,184089.98
14.76,97499.54
9.69,76508.56
20.73,126656.15
31.93,182377.49
7.37,53712.0
21.8,130563.82
22.1,137413.9
25.66,138465.48
4.6,51665.17
25.05,146820.96
31.82,177117.71
6.29,52269.24
8.31,66531.71
34.0,182814.7
6.33,60401.98
29.9,165802.93
17.23,120297.88
8.65,85750.53
30.48,169222.73
15.59,107132.03
18.02,108783.5
12.57,93799.69
20.75,115185.66
5.72,59305.64
13.69,84071.47
33.93,190416.03
9.03,58640.28
22.99,141790.57
11.38,71248.67
27.07,161205.28
4.58,47898.36
33.94,191258.79
15.88,105501.45
8.26,57898.07
2.57,43537.81
5.94,69024.56
18.19,109119.47
11.8,90543.99
29.01,181005.01
15.08,92773.17
8.7,53714.98
21.6,131725.48
24.74,138506.75
5.85,71554.28
5.87,56040.62
1.28,28201.31
25.77,139087.28
23.23,145151.64
16.61,103297.25
29.55,171761.92
28.2,171512.44
20.49,120822.69
30.39,175685.23
7.2,60374.33
3.92,53842.72
9.44,74121.47
2.0,36950.03
18.59,117998.7
32.78,184342.66
1.38,22965.63
4.27,51747.92
15.83,120021.62
32.69,179584.38
11.07,70148.93
17.75,106350.16
1.46,42104.42
5.19,57042.91
34.53,193188.01
33.78,183777.88
0.17,29724.49
33.31,176412.06
22.37,133426.58
30.38,183417.27
15.92,93793.49
18.05,102056.69
17.11,124098.75
23.34,131167.01
4.89,61706.21
1.05,32436.63
10.78,73890.79
24.66,146504.1
7.06,52505.27
23.57,138541.62
33.95,189001.7
3.29,33968.97
23.54,140149.99
15.53,100046.41
30.38,174716.68
6.2,46662.5
24.24,154161.57
29.33,177618.06
33.06,196872.49
23.91,136436.02
17.4,97395.16
21.62,145853.61
30.41,175675.15
19.97,116617.11
1.06,37367.37
32.58,196576.73
24.13,139902.91
23.68,148784.25
7.55,70952.55
23.06,125978.78
13.79,86343.54
22.79,142112.57
3.73,24157.09
23.02,133698.83
34.98,184123.63
1.69,33136.2
34.2,190702.56
14.24,91738.48
30.48,171845.6
27.38,149086.71
19.85,141980.79
25.85,165121.5
30.75,168090.02
14.14,107656.62
11.45,75308.81
23.37,137580.15
28.27,163313.13
26.68,148542.56
27.92,170074.56
15.25,101727.37
28.62,161913.44
4.21,38189.47
19.06,111794.95
0.2,15144.22
11.36,78355.46
12.83,76242.77
13.87,90293.84
24.34,152777.2
13.6,101161.39
15.7,102981.58
8.31,63831.41
13.06,103781.77
7.95,67652.47
2.56,38910.85
21.12,115205.97
23.39,139928.0
21.68,136525.87
16.22,100725.09
13.29,91624.26
30.22,172051.11
18.17,114061.97
16.77,87826.21
0.9,31031.59
11.94,89639.52
13.31,83866.82
13.96,93549.09
20.31,117828.54
18.68,120880.8
21.28,126078.88
26.77,146712.99
28.45,176267.72
25.13,153170.72
33.44,185096.15
0.64,35724.58
6.85,63833.77
0.26,34901.3
22.66,119016.7
31.43,189949.38
8.52,60525.68
32.45,183019.92
2.11,61820.59
32.71,189745.77
12.31,80147.98
3.55,27657.07
17.01,121969.06
8.99,55776.55
9.97,62901.31
10.76,72339.74
28.11,174864.19
18.87,125199.8
10.9,74516.91
21.36,130863.9
25.07,139798.24
9.54,70719.16
14.47,96782.92
4.27,57760.01
6.34,65670.16
23.84,142875.01
6.35,54405.25
18.38,122863.02
24.82,142794.67
3.74,38062.15
19.86,119111.43
8.98,67898.97
33.7,199013.04
16.92,108187.69
28.21,153178.55
19.26,120681.4
1.52,37255.25
22.16,132941.48
33.3,197472.06
21.06,135744.66
28.67,161198.14
30.95,173753.72
7.98,54489.12
7.42,67230.36
21.38,140644.94
14.39,92959.81
29.4,168468.27
31.5,194197.4
12.37,88086.08
8.29,68190.21
27.32,147892.55
9.62,75632.59
28.79,159069.15
14.83,88616.32
23.36,133527.62
3.34,40479.52
21.84,128189.22
15.81,91606.03
20.53,133254.26
5.88,65380.41
25.79,132380.01
30.2,183356.02
7.59,54991.97
3.35,52772.07
0.83,31950.61
22.47,132861.5
21.25,126237.99
19.13,130006.39
8.12,53297.42
13.68,96622.02
20.81,135502.77
17.39,118113.57
34.57,214453.36
4.78,47109.88
24.33,149211.77
14.15,93343.95
14.99,109649.18
25.12,145109.8
24.24,137304.73
34.69,206269.33
4.49,46291.19
3.64,34818.1
25.35,142072.76
20.24,129279.37
9.6,81597.44
2.78,43717.72
3.0,55035.03
31.3,169193.38
6.72,55013.41
11.32,75575.37
7.93,62173.12
12.42,84817.42
2.43,46907.88
18.17,111841.98
2.37,41896.38
28.01,161871.52
8.18,56195.21
18.9,117783.8
30.8,177029.62
22.78,132517.44
18.65,117992.06
11.35,78848.36
11.66,76148.27
23.43,147600.52
34.79,185621.63
23.16,129454.11
19.52,144875.04
25.57,138874.67
16.28,94908.06
2.1,45619.02
19.68,104205.87
33.52,188534.28
6.14,74956.5
24.15,127049.15
7.03,43058.37
18.75,105400.1
3.38,53279.29
15.76,113143.62
26.47,148514.42
12.17,88439.76
23.27,147877.5
27.84,176398.9
32.45,183989.51
8.21,44625.13
13.98,86227.76
5.33,50145.01
34.74,193134.62
32.45,184459.52
18.9,128252.68
29.47,181792.11
18.23,114456.51
21.83,139372.42
3.12,47448.35
26.43,153234.17
4.47,58077.41
28.91,168301.07
27.37,175827.5
24.81,131294.34
1.27,30544.18
10.61,73364.36
9.21,108164.51
12.6,95911.04
3.07,43954.66
32.79,150770.49
19.38,127858.0
10.69,81268.03
13.89,76213.64
15.65,102931.74
21.02,113432.99
18.05,109446.64
32.18,177203.61
17.39,118936.48
34.73,196284.13
29.8,161904.78
7.3,68328.64
32.57,174415.45
4.07,51512.61
28.61,158964.11
13.32,86213.92
30.73,182155.51
30.38,180467.64
28.21,174806.68
27.65,159347.88
10.66,77310.27
2.83,39308.51
14.1,95514.37
6.07,60228.72
24.32,140205.1
12.11,67012.01
34.15,195845.6
22.43,135571.75
28.79,161157.37
4.64,40139.7
30.17,187434.51
32.3,189579.91
17.05,108416.55
21.22,118034.66
26.77,147695.65
6.12,67730.61
17.59,114159.64
13.95,88389.38
5.12,57298.65
12.86,79710.58
2.39,53571.02
0.9,44448.09
4.73,47462.32
33.71,185958.73
19.23,97847.42
33.8,179085.23
15.14,88650.56
10.91,77097.25
17.71,110801.2
15.38,90007.97
3.7,44679.77
22.43,136747.39
7.56,66279.49
21.69,113342.68
22.76,132729.99
5.32,41962.67
2.15,47258.79
27.33,164730.97
16.09,97763.09
2.04,32505.69
34.82,191741.0
2.02,19798.61
24.33,143911.22
34.43,191813.21
8.37,73036.06
4.98,43070.44
4.25,44189.28
10.61,61659.38
3.54,37806.1
24.23,130507.09
2.18,48229.63
17.83,108168.51
34.88,196968.15
28.49,161912.74
21.53,118108.49
10.72,73546.21
21.84,135170.2
18.45,106575.08
14.91,105611.86
4.57,43577.37
31.03,175310.75
15.74,107979.64
6.81,53483.38
12.87,86998.21
14.49,93604.69
28.96,169091.97
25.68,128046.97
26.93,140077.58
0.39,35343.62
14.57,105513.48
16.85,101619.01
0.67,29603.74
9.09,70149.64
26.61,159624.64
4.8,34463.85
18.74,110536.17
7.53,58860.45
0.42,36294.1
8.44,86297.06
34.16,191126.2
28.05,150547.78
33.59,194227.37
17.07,121729.94
3.84,48618.38
19.18,112174.65
15.9,112501.82
29.55,177066.95
3.43,37147.83
17.09,113810.77
5.25,61935.33
11.36,88314.23
25.81,148464.31
16.66,105360.01
13.16,98776.81
13.81,81911.71
16.08,109057.06
27.48,147329.41
31.22,189430.21
33.44,188017.76
27.54,170161.05
11.04,80762.66
24.08,129462.81
15.32,113171.53
8.91,80098.56
29.43,178224.34
1.34,28878.61
31.56,179420.31
16.15,106950.19
22.3,125952.48
23.08,149584.69
31.33,182123.68
22.28,108880.04
21.49,131610.43
2.33,37584.68
18.14,114884.93
5.26,50341.33
25.81,155904.38
17.93,124067.99
23.81,140934.22
1.46,33080.06
2.97,43333.51
25.07,145100.71
2.52,34682.21
2.49,46278.65
0.42,34225.41
33.48,203469.59
25.81,159729.9
12.36,77926.8
10.38,80300.39
12.24,74969.02
27.11,162679.85
23.15,131118.72
6.48,49255.47
6.09,58947.17
3.44,23185.92
23.11,120462.1
26.75,153080.4
9.28,69104.78
0.73,28875.77
2.88,29817.0
33.88,185008.83
10.34,76471.91
26.92,160557.72
21.86,130045.3
13.37,99427.61
7.2,63873.87
4.25,43098.67
21.53,126486.87
27.11,144835.87
22.54,131977.37
18.56,126781.7
1.47,41841.49
33.9,203964.92
27.95,159329.74
10.25,84155.93
34.3,191982.27
21.07,139628.0
20.38,124365.97
26.18,157212.26
28.41,177222.07
22.98,133117.31
4.48,52282.97
11.84,91781.12
32.48,185091.09
7.86,74241.71
13.03,105795.79
15.12,95958.02
15.38,102771.48
21.45,138418.46
33.01,183281.42
8.42,56425.2
4.25,51625.71
6.91,44234.38
31.04,177025.51
22.6,135256.99
10.01,69300.56
28.56,152447.23
30.15,188316.61
29.63,172738.47
32.16,196969.16
8.83,64361.92
26.43,145158.33
16.12,107824.57
29.47,169118.27
25.5,137262.74
27.18,169639.24
22.97,129424.14
6.21,41341.58
19.08,130756.28
34.46,189981.23
32.81,182452.21
1.51,21240.29
5.77,70184.36
4.61,39983.87
25.41,147280.93
28.62,173711.12
7.47,65059.18
17.7,113020.13
29.42,156226.66
25.65,141239.52
18.98,120665.73
20.66,118906.28
17.79,115661.62
10.41,79291.65
19.78,130411.85
24.11,129566.19
30.57,195687.97
22.27,138328.43
26.64,153891.87
5.6,64036.13
16.15,125835.15
0.33,17552.15
8.63,63888.59
25.43,126661.12
34.71,196881.01
3.47,49150.86
14.05,93325.57
28.0,156630.55
7.14,42869.57
19.43,124049.04
25.66,160546.79
21.56,123978.56
6.58,62045.09
12.44,70850.9
27.43,162599.18
19.4,117411.61
0.18,22514.14
26.63,147415.96
1.24,31416.37
26.1,153973.11
7.09,48943.77
33.53,187221.65
12.88,86363.31
11.44,69343.58
5.21,68575.34
10.7,67609.95
30.68,171937.69
34.87,187547.33
12.89,102078.14
15.7,107939.41
25.27,138067.75
31.02,188746.91
20.76,127658.62
13.7,93770.9
14.44,93039.76
24.35,134787.83
0.11,31481.48
21.69,124856.82
12.44,99644.21
27.8,150149.56
3.25,58101.96
20.59,124368.27
16.83,111834.39
22.48,139749.84
2.27,34866.22
20.3,131575.27
19.65,98736.84
19.62,115518.77
21.12,119477.77
23.68,127254.13
28.17,161415.95
9.44,72389.64
28.88,173447.61
17.44,114321.8
2.7,36708.99
2.05,42224.07
11.7,81113.39
27.47,166905.56
24.77,149929.25
27.6,160003.26
18.1,107718.01
15.41,96030.15
5.16,48438.15
11.49,76240.23
15.19,102621.26
3.1,50400.29
7.72,61938.0
20.94,126773.18
25.75,149908.79
34.94,191754.0
32.66,179116.07
22.49,117781.4
14.74,91836.62
22.27,135810.44
27.5,153135.67
4.14,46979.45
14.35,99369.89
29.39,174934.33
13.43,80810.67
20.02,131625.75
20.57,134839.88
6.46,48259.93
12.68,78554.43
11.71,90233.04
0.92,31774.78
0.85,13770.46
29.11,156954.88
9.56,67480.06
18.13,105584.81
10.46,70179.96
32.92,188378.84
9.08,79999.58
15.04,96992.26
30.55,186023.49
29.47,183083.82
6.51,70257.35
28.09,165163.51
16.04,88401.27
16.9,113562.92
4.67,60103.03
2.82,42286.04
25.48,161994.86
17.38,119281.83
15.29,105741.88
25.53,156707.34
26.79,157662.81
5.56,33435.17
21.36,123986.22
4.74,61630.39
26.3,145015.17
22.99,132934.25
33.48,181510.69
2.41,56116.21
2.0,53107.82
9.88,63493.23
9.16,69169.42
8.64,60060.21
31.72,187993.59
8.73,70530.11
9.52,76329.82
26.58,156367.15
15.74,128411.06
27.18,148464.74
2.29,25774.76
17.06,76838.11
1.18,21111.55
2.19,27142.94
31.73,174285.46
4.87,44156.11
18.63,109528.6
14.39,100056.77
12.16,78285.04
31.49,180171.92
0.76,39784.78
23.23,129371.4
33.72,189092.68
19.61,124680.56
32.79,171031.6
1.83,17664.05
14.66,100183.1
9.11,71876.18
25.58,165277.02
34.35,195150.63
8.98,74143.63
22.9,132752.02
6.93,62079.71
19.79,136443.9
16.24,88122.53
34.02,196048.53
21.3,146154.74
12.23,85410.58
3.99,62394.7
5.29,48269.6
7.89,62701.96
8.78,66679.68
29.77,153823.18
19.64,111785.82
18.32,106964.77
4.02,55454.02
30.1,181943.09
25.3,148926.07
2.37,47729.41
24.77,141958.32
19.02,129471.62
2.86,43241.12
16.04,105602.77
16.96,107692.57
5.8,61327.08
33.1,185253.93
29.75,180845.73
23.42,127085.27
16.18,96527.72
14.41,101633.75
22.78,133182.28
19.09,115666.21
2.18,47325.99
17.94,109433.48
28.22,161842.51
16.07,117183.23
1.82,50962.91
27.52,172609.78
7.05,57560.39
9.05,77934.61
5.76,47306.36
11.56,71589.37
26.49,133014.92
18.18,129892.68
7.17,53051.82
30.72,176767.44
30.79,170423.08
30.47,182416.11
8.36,61545.45
15.79,92660.9
34.47,198065.6
27.02,144016.82
0.95,26091.02
2.28,22377.49
16.24,94072.62
31.82,184769.31
18.85,101862.29
17.42,99610.43
3.69,47019.71
22.99,130186.53
28.77,183792.21
13.31,104868.26
27.15,149590.9
33.76,196227.53
7.13,66625.87
18.32,111200.3
10.05,59079.98
27.75,160546.71
20.22,122443.15
22.21,127859.26
27.93,165492.99
13.86,86127.82
32.03,174405.14
18.66,118659.79
5.53,57780.73
24.36,131205.81
27.76,168627.07
11.09,61779.19
30.0,169043.77
31.72,180555.17
9.69,64776.88
34.42,189307.86
4.92,68100.55
7.07,52806.89
6.45,78582.76
31.29,184418.86
22.9,135213.75
5.32,57779.63
15.41,123109.38
21.54,120463.99
2.92,33937.47
30.88,172254.83
28.13,163221.06
17.68,98752.98
33.85,192049.31
14.62,111423.77
34.44,195478.29
23.38,134045.89
22.21,126321.42
5.81,63169.67
30.87,171564.0
14.96,114715.22
5.68,71488.07
0.44,-3023.63
19.59,121417.41
18.46,125655.5
25.18,154814.63
31.16,173206.22
2.78,38295.21
25.6,136624.34
6.56,61705.56
30.04,179817.42
28.67,154748.23
18.93,114993.27
24.86,132345.76
11.0,68757.38
16.49,112203.55
28.76,160527.72
16.07,102737.59
12.52,70831.13
17.3,113182.55
28.99,167763.52
11.73,74045.05
6.08,54916.35
24.92,145658.71
28.91,160741.95
3.52,33729.46
8.4,80229.75
4.97,46986.21
12.18,81882.67
15.76,112171.27
26.21,181352.24
22.79,123382.67
21.73,133495.79
12.33,77566.72
29.45,166261.56
16.5,101420.0
34.27,183938.87
22.19,131150.23
4.42,37629.81
23.67,145909.33
11.38,78814.65
24.02,143142.87
2.44,37110.87
6.12,53542.74
29.95,176121.65
7.95,53319.97
29.3,166904.36
9.77,63244.62
22.5,125178.58
24.3,122966.91
17.94,126003.6
10.69,68978.5
7.44,71254.36
1.16,43443.46
10.64,63648.72
22.86,125010.17
32.84,209518.49
30.49,191506.65
26.81,154677.57
27.6,161896.02
23.27,130709.58
9.11,71387.63
31.75,176824.96
23.48,119706.19
19.62,110375.54
3.88,48071.72
15.65,93321.17
16.11,104930.32
30.26,166240.88
19.13,113046.34
13.31,96528.02
34.19,195294.87
3.88,47769.13
14.79,105483.15
1.47,40115.51
25.9,161836.4
32.13,180761.73
9.8,67017.84
30.04,163123.5
10.23,68968.8
31.88,191703.91
26.39,163464.35
28.17,171388.15
0.63,16199.26
33.7,200466.7
25.43,131291.12
10.67,82351.8
29.03,165250.8
9.85,76873.14
30.55,165585.44
3.94,58089.99
24.63,130144.96
18.92,113166.9
3.38,37136.52
8.47,50242.15
0.43,31175.38
16.41,122429.32
10.54,96791.36
20.94,127479.4
10.4,82936.73
10.5,75867.76
26.01,154446.05
1.68,34265.78
31.6,144370.69
29.83,177566.03
23.37,131598.56
20.76,125317.34
31.23,179915.56
6.49,64994.29
2.76,33634.72
8.38,64395.57
27.81,177272.07
1.21,44534.83
20.4,136070.54
34.84,195947.69
29.95,176397.82
18.25,124509.68
2.23,53268.39
29.1,152196.9
20.96,115554.36
4.02,59621.48
3.29,42832.53
31.84,177608.32
23.42,126076.46
29.03,163637.02
30.76,166131.5
20.01,140911.69
18.11,115181.57
15.06,99124.74
11.09,81860.14
15.21,108638.82
27.09,164640.0
21.07,136250.85
31.24,175088.22
15.52,99679.49
21.25,134347.5
22.1,126620.76
20.71,125731.71
24.59,145796.66
8.31,71231.0
17.93,99462.88
3.65,52919.68
13.46,88140.68
17.07,116482.39
22.83,140725.2
33.27,203195.94
21.02,138461.05
26.03,161732.74
17.72,125865.55
22.19,133972.56
2.48,41574.33
8.9,74292.63
12.66,91702.45
16.54,105135.72
1.6,40150.34
4.9,51803.65
9.69,62912.49
34.0,203436.64
11.6,79979.85
16.87,126895.8
6.86,45488.7
21.38,123570.47
9.82,71047.92
7.24,70326.39
18.08,118631.46
0.19,31686.56
0.27,19879.4
7.67,52342.38
1.29,37770.75
3.78,35841.62
11.86,76418.71
28.09,166988.6
20.02,114824.55
17.94,128266.91
10.27,83227.08
32.61,173420.52
13.9,84801.26
3.05,24641.24
21.6,122496.17
3.98,54840.2
12.08,78654.4
17.76,117696.76
30.6,164242.59
17.27,118262.77
24.58,137621.16
34.75,195484.64
4.6,50121.08
9.62,59043.87
13.81,82417.63
14.76,106090.62
14.39,99027.91
31.77,191914.57
24.99,147262.85
21.28,129134.76
10.83,60847.91
28.83,164914.36
33.43,189939.62
28.74,183271.87
0.05,34135.01
22.27,144876.97
1.79,42807.69
9.02,61282.89
2.08,40259.68
21.13,129381.02
24.03,131613.99
4.01,45156.74
13.43,88238.91
15.97,118363.99
12.92,69256.56
4.24,59648.3
14.66,89310.11
26.29,140176.4
2.49,51343.52
2.81,49124.31
12.42,94721.14
32.96,195062.62
23.4,154145.81
23.75,143019.72
12.67,84163.22
20.78,128948.81
0.35,40504.38
22.26,125152.49
31.97,178367.8
21.44,125917.13
30.58,159196.89
25.34,147568.92
4.22,33297.97
31.59,182587.89
2.33,47861.94
18.69,113817.24
4.97,66647.07
0.41,17823.5
14.77,108032.32
10.33,78818.36
17.01,95592.29
20.2,146901.87
1.53,35810.25
4.31,42230.53
19.55,109402.82
12.01,79901.84
25.52,146324.49
22.83,135003.83
29.6,169145.35
24.24,145993.93
15.05,96221.88
23.55,120892.97
9.64,68681.64
10.72,54863.55
27.61,162830.46
15.62,94486.35
27.94,163221.49
28.78,178096.31
30.01,165967.67
32.08,193463.36
15.08,96046.46
11.16,92109.71
20.38,121418.36
12.99,80232.19
21.04,132854.19
24.7,139238.02
24.09,132754.11
13.11,84008.55
5.84,55268.81
15.07,111046.49
4.99,36014.21
31.15,180225.26
12.11,87612.08
5.41,55686.75
0.89,44013.33
22.6,132543.91
22.29,130322.84
11.92,86310.31
2.51,42281.77
14.34,92029.55
10.89,80229.87
23.7,132469.31
21.2,122441.46
12.76,81546.85
7.63,73528.37
34.58,167349.0
15.89,107649.03
24.09,140175.36
4.92,37887.25
17.0,112739.4
0.96,37323.56
17.69,118474.43
33.74,168887.47
13.45,101678.48
1.36,29188.97
1.08,39768.93
13.58,97147.77
5.6,47317.09
0.82,38091.32
26.47,149605.19
16.05,87546.61
10.12,82057.17
31.5,175151.97
4.06,41409.34
33.46,186867.59
10.99,78642.99
31.09,179246.06
21.1,131918.66
28.93,156434.25
34.44,187867.77
10.09,71009.88
33.64,207158.29
13.63,90191.91
13.49,99559.25
11.91,81561.34
18.95,114839.49
5.4,51903.87
19.38,119252.49
18.96,124124.19
26.67,165754.2
29.18,172310.97
15.42,111718.62
10.58,66103.45
9.08,64051.52
6.81,52966.18
2.02,41595.93
11.99,78581.18
9.46,75377.7
33.82,183847.68
19.52,121600.88
12.15,88412.93
20.32,106738.13
4.87,70021.87
15.54,99935.72
21.92,113186.56
17.11,112026.19
14.06,94001.89
34.78,194826.27
30.81,186718.4
21.82,136363.96
19.93,125348.74
21.72,133462.07
7.05,59065.0
13.83,133944.91
1.38,22974.07
16.64,109505.31
19.01,119734.65
7.97,70200.98
33.74,184256.84
31.83,168468.73
25.28,147375.67
18.67,120175.73
30.45,189055.14
4.57,39993.67
27.67,169964.5
4.37,70076.99
27.8,157730.38
9.65,59037.31
30.7,174248.93
33.04,188713.18
5.21,58083.57
16.19,100913.28
34.33,206983.66
16.92,100249.79
30.22,160398.99
20.61,134791.28
13.14,68895.76
10.0,69840.39
7.11,86689.71
26.66,153945.91
13.53,81021.8
17.89,113912.21
17.23,110839.96
20.2,125236.15
30.3,181196.91
34.33,184898.11
14.27,109268.08
28.96,170071.88
26.76,160799.47
20.07,118032.56
33.46,201246.01
7.02,57663.14
3.82,49986.85
29.89,165399.25
15.37,92897.25
29.64,177798.78
31.26,176777.67
2.19,32536.19
30.92,173391.64
15.69,109123.81
17.87,108918.73
21.93,129448.75
32.42,186089.39
0.67,15365.86
16.69,96048.13
24.07,142648.04
25.29,139886.35
24.24,149600.57
4.71,59543.66
10.48,79919.66
12.56,100315.52
28.16,162419.26
9.76,75986.74
7.37,56155.09
33.51,211354.32
0.31,46552.21
34.92,196167.87
23.69,141252.74
29.0,179739.46
10.31,71759.34
0.5,-10011.24
25.83,156560.7
29.2,170021.88
25.92,151211.35
5.0,45397.57
26.37,137703.66
26.91,157556.25
23.05,142767.46
26.81,153036.91
29.61,183949.65
21.48,122698.35
3.1,35357.03
17.07,109890.72
2.72,41767.2
14.26,101460.11
14.25,88237.58
2.31,52058.49
12.21,99596.9
3.88,67391.03
28.29,174556.23
33.17,180140.88
2.53,50682.89
33.43,199081.97
18.29,123503.12
10.48,73703.08
2.69,17222.42
17.52,107214.06
27.81,155686.31
24.75,134901.15
1.76,38599.52
2.55,38084.66
14.1,86936.03
10.34,64121.26
8.13,57809.26
9.84,80353.45
28.12,157303.38
32.52,182018.71
14.18,90526.69
31.71,185624.38
11.25,81563.13
16.68,82599.78
7.91,71749.9
22.42,144610.85
34.26,184563.4
21.12,119068.49
12.52,80839.3
22.67,127042.22
4.3,51580.44
31.1,163232.18
17.61,103572.28
15.73,116467.21
20.51,117116.36
21.87,140768.87
2.51,44469.18
23.89,123547.77
8.47,70558.97
24.99,143488.09
28.79,163078.71
28.14,165105.64
19.34,124550.49
18.21,121808.91
5.0,62507.52
27.14,160380.88
9.5,57656.07
17.38,107986.68
9.95,96351.42
4.68,57398.8
22.03,150998.58
1.9,50178.36
26.2,153373.42
11.12,79538.57
0.0,27714.36
17.89,99605.43
1.64,37087.19
9.67,80362.65
24.74,138099.24
2.19,43337.02
29.38,177652.96
0.13,20992.98
8.64,61987.11
25.93,141089.99
11.07,69751.71
3.57,35532.13
12.61,77499.21
9.46,81261.81
29.49,163314.65
10.97,77294.0
27.61,155537.75
31.22,190358.05
15.18,111447.04
31.85,190713.92
13.21,91241.75
33.74,189472.49
3.13,34304.64
24.05,156189.85
17.28,105068.24
13.57,96419.44
22.14,140306.48
24.63,137908.34
0.15,37652.15
5.84,62155.63
24.96,159006.35
23.32,132302.11
33.81,180780.07
26.64,149592.24
33.28,191338.43
24.59,142885.16
10.43,70236.9
3.69,30794.68
27.36,162291.6
22.55,149697.05
1.69,41128.21
12.6,90293.72
33.49,195283.68
17.51,116006.63
15.15,108001.89
16.02,108356.9
7.31,58236.81
12.9,80106.32
12.94,84981.95
1.83,40623.75
26.86,152575.91
14.58,99441.58
28.78,170608.73
29.76,179701.77
7.42,72187.81
23.01,135557.38
16.53,96607.98
30.81,175331.36
7.55,62129.85
23.72,122525.47
21.27,139702.6
10.34,74333.09
4.78,54869.86
22.81,145641.06
25.85,143921.62
11.05,81504.41
22.57,132097.66
13.83,90769.56
24.96,137785.08
6.97,73849.49
31.16,176857.9
10.06,77781.11
12.87,70746.7
2.03,49033.91
3.9,56916.11
18.06,115952.96
9.37,66850.26
29.24,173028.61
0.51,50267.08
13.27,74018.61
11.81,87296.33
0.68,23955.27
4.35,49718.91
14.48,94071.92
17.25,107723.1
14.15,94150.73
18.58,107782.83
20.83,134975.91
0.35,14644.82
16.24,110794.99
33.72,188580.36
18.17,105665.72
23.71,139805.25
10.92,62722.47
27.09,156961.25
27.05,144301.98
18.25,119888.5
34.16,185226.42
4.39,46226.29
0.59,33744.73
26.96,149243.89
28.25,163211.48
4.21,36410.65
9.3,73845.2
0.61,46364.28
10.27,96527.76
27.06,157218.16
18.13,122152.03
12.18,67600.12
13.01,100265.78
0.05,34853.69
10.49,69761.52
22.63,143784.94
34.1,190670.72
29.65,168074.15
0.83,36564.38
31.45,172444.47
27.41,167269.89
27.31,149007.55
16.03,96127.3
13.93,85200.13
10.6,80859.21
2.3,35130.95
7.99,51892.99
8.63,60644.75
16.94,109568.91
26.16,141033.73
16.58,98213.72
2.02,56905.0
33.52,183242.44
33.0,185656.55
27.48,155890.11
34.7,191596.02
19.06,124670.99
33.7,199313.33
2.65,39515.55
12.8,75745.54
7.89,73815.38
6.85,58462.2
4.93,66916.69
21.78,110787.42
27.35,159846.24
20.24,140314.01
5.14,50042.79
28.39,162630.04
22.26,134269.01
13.59,86136.05
23.59,134875.74
9.1,64786.29
12.08,76833.39
32.11,195022.58
10.17,76254.78
16.45,109433.23
31.15,186909.62
24.77,141085.68
2.18,33167.18
5.16,47968.97
0.27,29510.36
22.08,122046.39
15.67,98804.13
4.7,46916.33
33.53,208636.27
18.54,93655.75
8.47,63626.73
17.52,127333.71
23.79,139463.28
2.67,48629.98
9.61,70696.34
28.24,157991.42
16.09,86314.29
19.13,121432.68
15.15,93507.6
1.54,29579.37
5.8,51264.69
15.59,117469.12
7.32,81373.52
1.75,39360.99
29.53,167334.29
34.34,183786.1
27.76,164695.55
29.88,188450.68
8.47,63062.4
33.62,170733.68
6.89,65103.43
33.3,198032.82
34.82,182175.64
24.91,145572.13
34.34,197621.27
19.93,122217.16
9.08,60884.0
15.29,109576.1
20.77,122592.05
2.56,29053.16
21.78,112444.75
34.34,204507.74
6.65,63804.63
27.74,161343.54
31.78,179293.91
33.03,184048.17
33.6,181742.62
18.25,112325.44
34.21,175240.11
26.51,146853.6
5.66,52339.04
16.69,113746.89
25.14,144974.94
8.66,72650.82
22.42,143889.34
23.33,145319.85
5.69,59113.94
19.78,122339.96
27.01,147785.05
17.46,118670.78
0.42,44591.87
0.32,32632.87
12.5,100805.83
32.42,172965.39
8.0,53597.75
22.2,138801.63
7.77,64805.59
11.26,88883.96
29.68,172031.16
25.51,139968.51
3.34,43621.17
15.0,86239.51
1.02,23999.01
16.83,117543.22
23.19,143093.15
4.15,52111.1
10.11,57444.06
13.92,89850.96
32.18,174486.81
34.76,205441.69
1.57,31609.89
26.64,144653.79
13.01,87742.68
13.74,86336.89
26.4,165089.09
32.14,178479.78
33.28,177691.99
20.2,105550.09
12.5,84265.83
27.56,154739.8
8.79,54253.85
19.74,132210.8
12.55,90491.51
22.98,134544.72
8.41,76549.44
6.71,64378.69
32.14,177701.89
3.56,37629.36
17.71,120497.14
7.73,65772.29
1.36,36890.11
1.26,27701.06
6.13,61874.34
30.34,169371.42
9.89,70185.09
33.27,201817.42
20.36,118828.86
15.28,87493.75
20.3,115296.41
18.08,123707.16
26.56,155581.12
9.89,69959.25
12.36,79387.77
31.29,184846.83
33.13,181726.27
31.24,158690.83
14.68,91160.06
27.31,112560.89
16.67,103042.43
17.41,108963.51
7.16,59955.56
20.69,127701.78
6.51,26718.9
11.6,72686.6
29.93,170211.13
7.25,95094.42
2.49,32160.45
2.42,42345.4
32.93,200826.66
17.74,102540.23
14.33,98651.86
28.38,157675.44
29.25,165409.89
11.63,72843.21
24.28,134586.71
26.99,179151.12
22.91,141663.06
5.31,63028.88
30.66,181669.4
18.87,104964.44
9.89,74408.13
14.88,107679.84
1.31,27936.46
4.48,58599.08
26.79,160823.15
0.0,43744.52
14.58,93231.21
18.29,106824.06
1.91,35298.79
34.06,204882.72
7.91,47536.96
10.65,57041.77
10.64,75338.91
8.06,59872.2
0.05,28344.24
25.53,155476.19
33.84,187123.66
7.85,46922.37
23.21,153147.71
25.97,141466.34
29.69,163237.02
14.79,107410.12
10.6,71137.9
11.39,114300.21
24.94,148343.1
28.59,174952.5
6.36,54672.69
12.98,100248.58
31.57,163896.92
28.23,170064.09
34.47,187157.55
26.4,164138.11
13.76,93138.9
20.67,119915.81
23.14,141089.11
2.75,50200.01
19.06,124847.73
24.83,134874.62
5.86,51592.64
27.32,158003.39
20.43,124379.41
33.33,196142.56
1.48,18978.38
9.29,71286.84
21.05,124611.31
10.38,66204.65
25.0,138265.53
26.57,151640.17
3.59,15966.13
17.98,108848.14
17.81,106573.94
12.92,91518.04
32.65,180106.66
28.96,166157.32
24.4,154547.81
25.0,153010.36
16.16,113428.46
32.23,180879.41
24.31,145594.16
25.51,145381.6
30.16,173160.8
9.59,73233.89
28.25,158611.73
6.83,71889.7
12.09,80834.61
11.75,85573.88
34.25,205800.22
29.98,182602.1
24.54,130168.07
25.45,150775.29
19.67,129062.07
33.15,196615.94
17.37,102476.15
13.32,83715.54
5.71,63611.56
27.52,152753.92
25.71,179178.25
13.45,103489.87
0.88,32424.42
29.36,164167.63
0.4,22722.51
24.63,145427.86
33.96,180960.19
15.32,98971.48
8.22,67063.77
24.67,153854.93
28.6,171489.65
19.13,113596.02
33.85,201863.35
1.81,35281.22
17.67,102851.49
25.15,143875.29
30.19,187233.66
6.27,58617.11
28.0,162286.11
19.34,134461.03
13.88,80463.88
4.61,40014.92
30.29,161779.69
5.5,57578.59
10.84,77006.84
10.15,85374.34
30.5,178732.28
23.54,133862.32
27.88,161485.04
8.77,67325.97
21.87,116002.16
20.01,146171.69
29.15,173504.27
31.71,184524.06
0.43,35553.23
23.59,143540.46
1.81,36663.22
19.21,89146.18
10.07,76966.84
10.74,78345.79
12.35,76812.74
21.75,141783.65
11.69,82514.72
25.64,154305.36
14.16,106120.4
2.39,41031.94
27.43,161400.13
10.0,78456.7
15.15,93929.03
23.99,139861.85
11.64,80786.84
1.98,30603.07
13.09,107640.22
33.06,176691.14
22.46,121548.84
23.5,148271.77
22.13,137302.69
6.96,50943.49
14.64,102308.52
26.28,164266.69
3.55,46137.23
9.72,92420.92
9.67,55440.33
15.12,105836.81
34.31,203595.35
2.36,32481.6
18.15,113830.23
6.28,54757.46
33.97,196125.01
3.97,55178.78
14.13,99217.55
25.83,157975.38
24.66,134094.26
14.8,96112.82
12.13,74436.87
13.92,89568.77
9.25,76920.64
7.19,61369.74
16.91,131816.72
9.4,70562.88
10.06,72351.41
22.99,135706.09
33.9,186633.18
21.13,126860.52
2.69,51939.99
2.65,43081.2
33.3,182911.57
10.41,65590.57
3.22,41066.66
20.97,127372.18
21.83,140189.43
22.7,122175.3
9.36,66032.52
0.53,32119.3
33.78,175980.2
8.78,59298.9
23.66,132057.71
24.73,136367.02
21.35,129830.86
10.95,74776.26
9.49,64581.96
20.92,130200.25
30.31,190311.9
33.14,202917.34
3.71,30763.72
5.42,58996.04
33.07,187181.66
25.78,150183.57
30.9,175389.15
7.09,61115.55
20.57,126520.17
24.54,137217.36
23.8,130889.92
14.29,91227.76
0.54,32938.56
20.4,129709.74
8.86,73946.04
15.76,99359.69
33.52,192940.56
13.97,101328.12
29.39,180415.89
6.6,57868.52
23.54,135380.66
34.2,194844.17
3.57,36704.37
0.29,27941.33
15.18,106583.87
3.24,50441.44
26.19,148967.31
32.01,185961.37
15.19,93333.63
9.05,73466.3
15.2,99758.64
25.32,143948.27
0.32,26653.33
20.63,124944.88
21.47,124832.71
22.32,137597.46
8.47,61810.94
24.99,158047.21
3.2,57236.73
6.97,52120.58
30.71,178369.88
25.86,143772.49
0.48,27853.48
8.69,83057.0
7.5,58972.83
9.48,72320.28
8.66,70525.33
2.19,31300.7
16.06,97964.52
25.65,137857.52
21.24,120232.36
23.55,113099.59
2.84,47697.38
33.3,207126.25
29.35,171499.01
28.18,151226.36
28.8,161580.44
32.64,183021.01
19.05,110707.61
7.01,67135.75
21.59,135997.18
26.0,140320.98
25.83,155304.57
18.25,128969.09
2.4,57036.31
12.99,111718.5
32.23,177425.8
20.46,148825.25
18.84,135366.66
9.41,63930.54
12.9,89599.62
31.34,175988.48
23.33,139695.64
27.56,148260.88
15.9,102323.32
22.06,141883.07
8.69,65552.36
24.69,144123.02
14.97,103083.26
15.49,111996.81
22.73,119620.72
32.77,192422.99
2.24,37792.54
28.87,168827.63
10.23,81651.71
15.54,92167.38
0.77,23593.6
10.54,57634.35
17.59,108332.38
1.97,49963.46
17.19,110036.15
32.45,174682.03
3.69,42899.01
26.76,141956.57
14.34,85792.68
22.93,137869.01
9.11,57727.48
5.58,64157.31
5.62,54221.2
2.47,41950.9
6.5,55643.04
23.25,142521.35
30.86,185197.85
28.49,168030.04
23.98,144150.75
3.87,46004.28
10.12,76730.82
10.84,72723.01
8.75,66273.61
18.03,112655.94
18.74,114216.78
12.49,78622.96
12.38,87837.39
29.0,179343.46
27.63,169843.6
10.77,64563.28
31.98,194947.44
33.35,187149.73
11.44,83756.56
12.4,76285.84
17.7,114698.47
32.94,190834.81
30.67,164948.19
3.59,51753.84
13.75,103275.35
19.37,119152.39
17.61,124644.07
6.79,57416.08
30.06,181496.22
23.69,119128.48
29.33,190683.51
30.06,186976.01
26.19,148839.43
15.37,84620.54
21.37,130720.13
5.61,42539.76
23.58,141231.09
6.27,60710.58
24.29,132863.47
8.04,73055.95
4.11,55731.24
5.78,63741.03
0.07,28452.3
25.16,133360.0
25.63,156354.86
18.02,112680.89
5.65,43129.02
2.92,54968.6
0.67,49510.77
5.8,55155.27
31.18,198513.72
8.45,65881.68
12.4,80724.18
3.69,41660.92
7.78,76510.77
18.17,109017.13
21.27,134148.81
8.59,60869.25
2.02,35025.94
13.69,100238.88
8.2,60899.56
7.68,58797.22
33.6,200477.02
21.57,142622.6
19.49,126600.94
14.55,91053.74
15.01,94976.36
18.93,119557.73
24.38,144028.7
24.58,133922.45
6.01,62407.78
17.5,113310.72
14.42,50246.98
30.47,168601.74
22.1,126834.04
18.64,117035.88
4.04,64619.59
21.2,129642.14
4.1,41685.42
11.8,82497.87
5.0,49495.0
24.22,105316.76
7.22,65501.18
13.72,101932.1
31.35,180785.79
7.15,74256.53
17.77,121561.69
14.67,91326.24
0.63,50256.27
27.75,163410.09
2.42,33869.84
16.6,122133.77
19.62,139302.27
21.99,130421.82
24.1,135664.21
8.86,65251.32
0.35,35980.82
25.32,157154.84
18.75,122967.3
29.26,170623.53
28.75,179443.37
29.52,168560.68
16.98,118782.82
11.68,77492.8
27.7,164037.61
15.8,102797.2
6.42,57260.21
29.92,170320.72
30.89,190128.16
16.32,100391.23
2.65,35840.59
13.57,108843.72
28.12,171245.51
31.56,161749.98
7.12,55415.76
2.34,25199.28
30.71,169674.73
13.63,64465.94
18.96,117836.84
33.88,182282.87
2.33,41037.68
22.69,119728.39
2.59,42560.48
13.14,84731.86
28.13,175759.42
15.17,112229.14
34.9,202654.7
19.57,118643.89
11.24,94499.93
7.7,49108.02
12.27,71283.31
13.04,86943.2
2.4,60068.99
12.94,85329.47
16.25,104676.3
25.3,133900.79
22.99,142839.91
24.81,151626.69
0.29,36302.54
7.62,56650.4
23.16,129551.4
16.94,98834.3
0.19,29723.66
28.16,153954.29
27.05,146364.64
19.19,116344.42
2.33,36352.61
26.83,150467.63
20.43,128687.07
27.37,158993.46
26.31,149507.1
28.11,164375.22
18.13,107031.7
4.91,53038.14
23.49,138329.39
21.72,116834.43
25.98,158478.4
5.95,48540.15
6.82,59933.92
31.16,189981.05
26.25,159460.14
31.79,183381.96
26.56,150321.94
20.9,134548.71
22.89,140142.15
31.12,174603.66
20.26,117316.65
22.13,113640.21
5.48,55616.27
16.59,107320.35
25.07,154605.65
9.48,72330.8
7.08,71409.98
10.98,70376.52
8.45,74774.91
7.52,57155.14
14.87,105092.45
31.77,170626.94
17.75,115721.65
6.58,41421.78
2.69,40081.78
24.37,144995.56
13.4,85344.18
28.76,157874.22
23.08,142415.79
27.87,160496.28
9.52,65268.42
24.23,140944.37
9.24,90671.64
32.87,197671.58
22.27,141698.48
11.36,81940.07
9.43,70479.76
6.68,38297.83
24.31,135215.03
7.66,58046.7
20.84,110313.93
9.26,30572.13
23.17,118765.32
28.52,165028.27
27.23,164441.65
26.63,163257.43
6.57,61792.72
3.09,36096.65
24.46,125324.49
12.89,71865.36
15.13,89219.08
1.09,26414.67
9.09,66252.67
1.18,25831.0
30.77,180970.43
8.52,63382.2
19.51,121273.74
1.36,45148.71
23.34,126332.33
11.31,81524.1
31.43,181255.57
31.08,176848.1
11.39,85906.25
31.53,189358.9
34.87,187793.55
28.89,166002.91
29.57,173920.2
8.72,63803.0
20.18,128766.74
2.35,43041.47
3.32,60935.4
34.96,183206.7
11.43,77590.46
26.19,143501.22
28.23,168734.76
30.03,160375.36
34.92,198984.11
8.45,59744.67
1.41,29474.94
14.39,83376.54
4.55,46757.26
0.78,41517.8
12.61,84977.8
27.43,164036.71
19.82,136536.42
10.95,78360.03
22.9,129688.92
8.12,67814.86
0.5,26125.82
26.75,150297.43
21.83,154589.48
26.68,162027.28
1.36,32167.75
29.3,171511.12
21.68,120675.81
19.72,125716.0
21.86,123699.9
30.26,174146.21
20.54,132609.1
20.33,131078.54
34.67,194901.6
26.49,137960.24
15.48,127435.21
24.76,158113.02
13.62,97249.79
8.01,57031.68
20.89,125489.28
32.49,181617.54
32.52,197125.02
11.97,83758.4
18.47,110271.23
7.41,57237.72
34.85,205296.65
34.34,207383.15
22.73,146708.54
28.15,169555.36
25.03,142556.33
20.76,98414.82
1.87,40662.29
15.92,104417.85
23.62,138824.65
23.71,138541.36
13.06,76503.08
32.96,192989.7
5.86,61085.18
17.51,118424.7
24.18,148378.63
24.4,146559.89
22.7,130103.98
9.64,69334.89
5.47,55046.21
22.26,132670.57
20.98,135263.21
6.28,62696.31
24.68,160518.33
15.93,123266.81
23.37,137185.51
29.31,137402.13
5.94,66526.05
0.67,27075.66
27.27,150899.19
21.34,124771.61
24.49,138073.66
29.34,175378.35
28.1,149523.64
33.63,181835.52
18.76,121075.67
17.1,115907.78
14.07,99193.27
5.38,47251.41
20.04,114933.63
9.7,65895.01
32.25,187216.07
20.41,137279.81
20.75,108522.55
12.42,82212.13
1.82,26558.48
1.11,20039.31
14.82,106392.16
2.96,48276.05
21.24,131598.63
30.83,186240.66
30.9,174682.82
23.07,131475.07
7.39,79767.2
30.2,172981.4
31.01,185574.47
6.88,59428.52
25.81,133332.75
10.03,54313.7
28.09,157821.09
34.9,204963.74
1.05,40456.1
31.41,189050.08
21.79,121514.66
34.07,206457.14
16.28,98176.71
29.66,173841.53
2.18,39694.27
11.73,78776.79
2.35,51986.85
34.14,186998.02
28.59,154311.36
29.84,173223.16
32.83,184305.53
2.98,72444.99
13.5,96102.95
2.49,37839.4
7.38,52156.58
8.03,47515.09
16.42,98425.93
9.4,69900.15
3.53,58464.11
5.86,65262.79
5.15,55034.89
34.06,189933.26
26.58,155808.65
33.87,187538.86
15.39,116095.01
9.74,68802.52
27.94,161080.43
11.42,59725.25
10.48,72143.47
8.14,71017.17
4.54,41577.51
8.98,60785.22
12.44,90905.23
23.59,124954.71
2.19,48804.29
7.37,56574.48
28.32,160798.34
5.14,43487.09
11.99,84883.98
30.26,196302.51
5.42,60746.36
2.9,35991.58
16.96,119575.08
10.58,71627.08
19.72,133695.33
28.13,169847.52
4.8,26687.79
20.32,115789.16
17.69,121498.5
5.04,53945.02
21.84,121389.97
9.58,64300.55
17.07,94295.04
2.88,42508.11
16.09,124146.09
10.73,81854.98
28.78,185536.61
1.99,46301.66
14.65,105936.4
16.05,121915.52
25.38,149801.87
20.1,121881.48
23.35,145199.45
27.2,169631.87
30.18,170845.9
10.99,70179.43
18.83,119642.78
29.4,177638.16
34.63,201704.78
31.13,167822.79
13.0,103685.44
6.83,53740.09
17.13,108514.85
25.96,142218.66
17.24,134249.17
16.91,111740.94
29.34,162956.11
12.65,92732.35
30.09,181001.02
14.24,93166.46
11.49,86072.67
15.89,97269.2
26.69,149994.58
4.41,33038.28
6.87,48091.65
33.3,205023.92
6.14,70692.85
19.87,123154.42
20.28,138275.43
17.14,109447.3
22.57,130949.8
8.04,64037.78
19.34,119476.68
13.03,85752.34
23.16,145274.65
4.94,53542.77
19.98,129073.82
6.48,66729.15
9.75,73752.72
7.65,53883.54
6.4,46160.31
28.9,168877.37
10.0,70107.7
32.45,186817.93
33.95,192109.89
19.99,145029.34
5.01,41202.5
13.11,71154.69
27.92,164519.63
12.86,83404.09
3.05,46744.31
19.49,126071.22
29.58,182494.76
27.86,148496.92
6.13,51962.28
23.55,140952.06
7.72,68907.74
7.64,80711.5
30.59,185278.14
8.74,65732.08
9.21,60572.46
0.02,23326.67
30.47,171486.12
27.74,166165.19
21.96,132735.04
26.26,140400.12
5.32,50019.04
16.04,112574.45
12.29,86340.96
3.28,50006.41
17.01,113456.12
32.23,198913.18
1.4,37666.69
10.2,69210.18
7.26,52943.13
8.34,66773.45
31.8,162377.79
16.38,105381.67
16.32,104869.54
26.62,142194.12
5.41,46156.45
17.05,117281.24
15.05,101488.76
20.89,127327.77
34.98,198909.44
26.93,156447.68
13.93,103467.78
28.96,169044.64
5.97,43742.41
1.07,47695.29
7.16,63489.68
11.91,76229.68
17.87,103635.33
21.53,132252.05
31.87,182480.78
17.84,127553.23
17.54,109836.39
1.76,30445.86
1.22,42300.42
19.29,128194.32
15.34,102610.8
29.37,176131.4
5.62,54533.46
0.87,34776.04
15.72,113225.76
8.31,69878.12
1.74,36008.34
25.36,158011.24
3.91,27883.38
21.29,145417.17
9.84,56327.14
6.07,51159.22
13.29,88794.16
28.05,161242.51
13.72,100256.85
26.28,142763.29
4.39,52267.0
27.05,151449.78
8.29,66999.23
23.71,137509.94
19.8,123123.08
32.52,181708.68
13.56,86375.15
2.32,42899.18
0.67,39692.49
28.94,162765.94
18.37,109108.17
27.13,162104.41
8.2,63882.85
12.08,89204.52
1.05,26071.21
33.65,175950.86
23.38,131994.93
32.66,180481.67
9.29,67800.36
21.4,122981.38
23.75,144541.19
11.11,74520.66
29.68,173455.05
33.15,190385.2
30.97,180763.43
25.87,149167.07
9.71,74611.15
9.86,64153.41
33.72,203231.63
0.36,27953.78
25.06,133734.35
24.72,144661.29
21.79,122677.59
34.65,200666.24
10.92,94740.95
11.9,74467.68
2.76,45516.05
15.5,87174.42
9.14,71680.61
12.02,74286.07
29.21,164131.59
32.74,177975.23
6.5,64243.23
13.04,96212.45
32.5,186503.66
2.16,32329.19
3.23,58452.44
5.7,48747.87
20.83,107861.31
5.27,57411.27
33.88,182600.25
15.64,111271.51
17.55,109576.99
8.63,70932.12
16.48,119394.51
23.17,125318.57
26.29,147028.42
26.39,151751.82
20.23,137021.02
31.65,176857.52
28.61,160821.11
26.5,157119.74
1.95,33644.03
0.24,30606.86
7.44,48152.85
23.22,154665.5
14.39,84217.48
14.08,91113.21
30.96,178782.55
31.34,197230.93
31.82,171983.31
10.99,93174.71
24.19,146798.43
9.51,72927.95
6.67,50255.87
6.46,62737.79
11.97,75416.7
15.05,110288.73
29.08,160444.01
4.2,48269.63
25.72,143824.0
18.6,109106.05
10.08,78222.98
17.25,115907.53
10.5,122538.7
20.86,111224.29
15.18,109352.95
5.75,76630.19
4.08,44900.16
19.13,135811.81
31.58,179893.3
12.04,70260.25
25.66,145563.62
23.05,144003.48
32.6,179623.15
28.73,161522.06
19.83,127489.27
23.0,134871.23
31.44,186422.81
13.98,95269.0
11.44,82736.82
0.38,26391.01
28.93,169757.15
28.03,154505.66
3.66,57832.06
20.19,118423.31
16.24,115780.91
4.15,47070.59
34.32,195424.14
7.51,57416.43
2.35,32011.52
20.82,111359.93
25.86,140361.65
1.14,31463.48
23.06,136903.32
18.63,126212.05
3.61,42904.53
6.04,48870.17
19.88,110365.34
10.37,77378.78
32.84,199512.97
28.66,176918.47
34.42,200151.55
9.09,73051.7
33.94,206648.16
15.09,102603.28
12.16,88114.2
1.76,34856.65
1.85,26451.84
24.22,134715.18
16.03,104962.17
7.93,63646.17
21.49,145104.28
8.85,67349.35
20.22,133937.6
12.57,81248.47
28.82,164513.52
28.72,155268.67
16.71,102334.24
12.28,87751.95
12.69,85686.91
28.2,171412.54
11.49,80458.17
7.32,57920.79
2.96,61927.96
16.33,105894.33
16.87,119383.41
29.43,167322.13
7.74,68483.93
13.33,97286.41
28.29,165742.11
28.83,147164.56
13.46,90303.16
16.07,115726.66
10.62,78950.27
32.64,190687.72
4.15,34407.36
32.68,180953.33
23.94,142632.76
18.61,121005.62
1.14,44582.44
16.65,107095.98
14.27,98407.44
5.64,55062.72
22.97,126361.97
33.99,173240.91
19.68,162745.58
25.02,146117.0
2.4,35608.61
14.62,83246.3
4.07,54058.24
21.45,126312.8
32.85,192513.81
23.16,151417.26
2.69,24121.19
12.41,78090.16
19.27,118480.43
14.11,106380.79
29.18,155343.04
28.51,181752.1
21.41,129598.54
13.07,87029.16
8.94,65323.38
3.71,43394.13
12.42,92991.94
14.46,86999.28
23.65,140739.6
23.04,131751.61
2.45,34677.65
13.83,114341.81
6.36,85821.1
5.49,59563.69
28.96,177614.52
1.47,23928.29
14.67,112215.7
5.89,34493.05
30.78,171580.78
19.5,117241.58
8.1,68704.55
17.58,114825.76
25.6,146444.37
33.53,190501.41
7.72,54038.19
31.02,166614.99
32.7,193335.49
32.07,190305.15
22.24,145148.92
22.04,124181.07
14.11,99904.3
26.33,149679.34
18.6,127595.18
23.71,146754.56
15.0,101013.01
25.6,144978.28
28.86,175522.49
5.13,58473.37
29.15,163288.03
18.91,107504.66
29.56,169036.2
15.1,112675.32
13.27,98740.2
32.03,174737.66
8.79,78566.49
29.55,182232.59
16.94,100178.43
17.99,119176.13
10.8,70124.52
20.06,137051.81
11.38,71818.3
1.37,45229.92
9.52,71008.99
0.22,31358.43
34.24,176656.62
33.8,172943.51
13.83,90464.57
25.49,149348.97
12.1,72722.26
23.49,127785.07
28.19,168109.51
33.14,193771.17
14.01,92220.94
27.42,165239.07
9.31,58552.86
34.66,192015.99
0.9,46948.14
21.12,127918.5
23.08,136296.71
24.08,159445.49
4.21,37410.44
32.85,194557.06
6.34,71597.26
21.8,127160.06
7.79,69942.66
10.75,66796.31
19.13,113832.33
14.6,100183.93
5.61,61582.84
5.98,65694.06
14.64,110449.49
26.5,152531.17
31.43,191527.75
2.94,40663.41
13.76,99580.31
3.51,47978.98
0.58,34966.07
23.16,139163.54
21.09,113554.73
5.71,45600.69
8.18,64950.12
0.83,18203.81
29.22,176584.86
34.11,200310.12
4.74,54250.15
8.1,54242.61
30.39,187832.75
32.43,203290.38
14.69,98662.75
1.77,41973.36
1.38,37249.23
20.09,127936.07
13.75,90852.84
1.0,33199.33
20.41,132359.98
0.4,50097.86
27.56,147577.71
10.73,74125.34
1.41,25663.91
20.59,138866.46
13.92,87869.94
34.08,180512.43
19.05,124773.81
9.63,84756.16
24.83,149289.4
9.5,71102.17
31.65,185912.17
13.12,100131.11
19.25,112718.33
1.77,36673.98
14.91,94894.25
29.13,159062.51
28.2,160592.38
7.85,72261.76
7.91,67888.57
28.61,171329.44
32.56,187818.09
3.34,49878.75
15.75,96717.2
11.81,78039.08
30.47,178159.75
2.92,45830.18
7.39,63896.82
26.34,150929.55
1.8,34549.79
17.24,138148.68
15.47,109666.98
11.7,83599.62
13.81,90235.79
18.55,113439.67
5.65,53830.93
20.02,125656.3
28.19,147353.77
26.61,140365.51
5.39,48555.24
5.22,55112.66
9.39,66831.71
12.64,97886.61
14.3,82504.34
23.79,132053.9
1.98,51667.65
1.21,35755.3
13.72,99185.45
24.4,158865.98
6.77,53078.14
22.45,131705.42
9.09,65331.04
31.01,162710.51
31.35,178356.44
10.41,80942.22
8.05,68174.18
14.4,100957.27
8.42,61778.63
23.53,131669.41
28.91,178474.99
23.56,133133.23
28.85,169829.02
13.89,94109.99
5.47,66710.7
25.83,157405.12
12.62,74191.82
23.49,126973.23
9.47,74154.74
2.84,42535.25
34.74,191480.08
5.47,62903.83
34.59,196373.65
34.2,193702.9
27.78,167485.95
23.08,132021.9
20.22,137273.1
30.31,168968.47
10.13,77746.77
16.37,119063.77
21.68,117755.97
14.39,92753.21
14.96,108728.95
11.56,89147.67
19.75,120666.01
29.77,166419.8
7.05,68104.35
32.71,197239.56
24.12,130123.79
28.81,156871.23
19.47,122941.14
27.28,163149.68
0.57,28560.28
28.64,171853.02
1.4,29639.2
31.15,162022.14
34.72,191661.21
10.29,73456.39
7.36,58729.48
26.79,144949.53
8.86,51249.02
30.29,171195.13
3.6,54256.97
4.41,60796.03
34.27,203608.88
23.58,130545.91
29.64,162126.26
11.35,82425.72
23.68,143309.86
20.8,129511.98
21.11,110168.02
23.89,131543.83
20.14,123363.18
15.02,103481.85
9.66,76556.19
26.9,156702.98
7.92,65909.03
24.23,141308.81
8.17,69843.23
21.89,132934.21
26.15,151555.85
7.65,59850.23
2.1,40030.92
4.58,54956.44
21.21,129938.95
29.73,175678.38
1.57,48000.65
25.7,150643.71
11.95,75897.09
16.75,116366.31
32.51,174727.02
11.62,70436.25
16.29,109294.23
0.48,35007.2
2.86,32561.97
9.05,64215.5
0.97,28188.34
22.1,126976.29
14.92,106819.19
19.19,125912.58
6.11,56471.96
10.36,68586.81
23.23,124418.54
33.79,203678.17
1.76,42628.72
31.16,174072.47
20.19,129934.4
19.74,121484.56
17.51,110170.96
2.43,44729.18
3.15,38230.02
21.03,124069.28
11.93,82376.39
32.1,180297.54
14.23,100404.87
5.01,68434.65
25.02,138220.45
10.27,58647.79
18.39,99589.2
24.42,140269.85
31.51,176133.38
27.73,162276.16
23.67,166487.32
23.79,124802.39
33.11,173440.35
10.35,75725.0
0.04,29361.1
9.52,65811.6
7.63,47941.41
23.16,139588.47
22.18,142251.75
20.77,128370.5
0.57,23907.12
25.51,147708.66
11.32,66445.45
23.28,145075.57
19.48,121775.49
12.0,66657.9
4.71,48789.86
3.3,49215.59
29.1,165984.46
32.14,182376.01
22.74,123351.61
3.62,51535.69
14.07,88257.3
25.51,129031.75
27.29,154709.31
4.14,57323.09
0.0,24716.85
24.92,158921.98
12.48,88068.61
8.91,69765.76
0.45,29375.43
18.91,118210.93
29.79,170539.13
33.52,187965.72
19.8,126840.56
18.01,106950.21
2.98,34584.22
19.21,110462.33
13.3,106577.05
21.25,132324.73
13.61,93590.48
8.41,55950.42
3.32,50664.72
11.02,75507.59
3.38,47458.57
6.19,48615.89
34.56,195994.32
15.54,98751.73
18.62,111054.02
30.58,183310.97
34.84,182687.51
20.4,129390.91
28.44,170650.83
11.44,71210.19
10.7,67915.97
14.09,92014.25
23.54,139663.42
23.88,137556.08
11.03,80241.02
4.66,66138.95
22.13,126940.33
4.49,35880.63
20.25,131051.94
24.27,155081.49
24.52,145382.35
26.37,143067.16
30.55,175877.71
17.5,103050.86
25.56,153082.92
21.67,117947.53
6.53,55581.53
0.9,24388.98
9.96,72455.91
15.51,99028.94
21.6,130656.01
29.75,172732.87
6.87,50937.13
4.39,55388.13
33.72,190938.72
3.78,39036.94
16.75,127896.84
20.49,129016.16
18.95,117643.12
3.01,55922.26
2.0,54465.5
3.69,45805.9
20.5,127922.55
19.05,110971.99
8.18,62817.91
22.32,130323.44
28.7,168004.42
1.46,38775.0
17.43,117011.86
24.13,142081.63
8.83,56290.82
10.77,67262.78
21.48,124041.71
31.43,178978.03
28.35,173223.96
20.41,114760.26
25.56,144575.22
12.77,94181.81
22.43,129923.08
16.32,110510.74
6.65,57355.61
24.56,144428.61
19.48,119122.15
12.55,90498.64
31.9,170462.39
0.73,28924.75
11.05,79172.0
1.99,43319.94
26.83,167733.13
24.57,138988.64
11.6,66923.04
23.65,132175.78
13.86,103795.6
26.47,159838.71
15.9,96557.14
14.43,98506.87
32.72,186788.21
8.78,71700.02
4.22,47415.86
20.46,122220.22
33.93,203800.21
13.22,87907.97
2.17,46742.54
11.88,79109.68
17.71,127706.66
5.67,49248.64
23.03,129788.15
34.92,209015.47
15.81,100066.86
12.42,97658.34
14.02,101074.72
4.03,47208.8
30.91,163411.57
14.52,96259.1
13.55,91564.55
23.09,145172.67
15.47,115446.49
22.69,127707.08
2.15,46421.58
28.48,171602.95
32.92,197201.78
22.71,137846.74
33.41,173591.18
5.3,52321.43
16.71,98832.35
21.06,125387.47
20.36,132791.11
14.05,96245.46
11.83,90549.43
4.44,53148.69
13.71,80593.55
5.69,-80.48
25.7,149697.29
7.31,59069.73
2.05,30786.01
19.33,106042.03
20.83,119995.5
30.52,175102.25
20.19,129491.1
12.09,83826.22
28.11,176490.27
18.91,109985.78
2.77,50238.3
19.8,122744.48
31.78,188960.51
13.87,88869.85
10.37,82402.23
5.02,55082.57
5.3,47868.99
15.15,99989.07
20.85,124263.95
2.82,47135.5
32.88,177912.3
26.43,152407.98
20.53,128466.47
29.0,168459.79
2.81,54353.33
16.69,115131.07
22.05,130870.57
29.0,170065.32
27.42,161157.17
9.7,73638.18
32.93,172614.83
4.35,47321.96
30.63,164732.26
33.98,203251.5
6.2,56432.12
25.27,144384.45
1.41,43325.78
14.19,98064.89
18.07,105597.35
20.32,123714.01
32.76,184554.59
23.53,122396.28
16.84,103479.04
28.34,162679.37
33.27,188551.83
0.77,19631.47
34.39,203763.34
3.01,43041.89
28.5,165556.44
9.81,74121.56
4.63,44309.6
15.39,105390.88
22.54,129784.02
13.33,81769.14
1.91,43234.28
20.98,139478.61
31.58,188289.59
13.41,97704.03
7.57,57404.69
15.49,88472.73
1.69,49881.07
28.72,183984.88
28.92,180857.59
20.58,122433.69
12.36,73911.12
27.99,153074.36
19.41,106507.31
28.91,166746.07
22.1,144772.97
27.45,157639.89
20.95,129250.46
14.49,107974.47
33.53,187144.38
18.94,136210.45
21.18,144477.65
7.72,61242.24
21.9,125409.95
20.01,129041.9
6.47,54954.74
2.09,29444.71
21.15,138338.44
26.73,164785.78
18.32,117611.65
7.94,52427.52
23.33,125862.07
2.8,43801.94
15.46,97656.18
5.72,52301.16
6.46,66548.2
7.08,66306.0
13.53,102297.11
1.79,29311.06
13.92,89971.28
17.91,120920.22
16.92,113512.02
13.4,102794.61
29.37,173950.07
5.09,68533.89
17.7,118091.98
2.17,48747.21
2.49,38590.14
20.09,123538.18
19.81,130108.11
30.73,191590.29
19.53,127456.24
33.59,190131.17
1.7,48983.94
3.43,27225.67
1.54,24324.31
6.48,63757.12
18.94,119050.79
22.6,138286.18
1.6,37244.93
33.11,193726.58
29.48,164063.67
10.38,78189.8
2.7,50842.2
5.95,66407.79
4.44,67376.34
4.31,51804.96
18.15,117873.89
8.6,52742.71
12.53,80214.81
34.63,193287.22
23.95,148139.34
33.21,184113.25
4.99,59217.72
13.37,89622.11
19.42,119319.3
2.69,44431.18
0.15,25470.62
23.47,133286.74
22.46,118104.31
14.38,93480.76
17.14,106731.59
14.54,92164.91
0.84,36146.16
11.74,85870.7
6.2,58914.06
3.44,54385.34
33.49,195298.99
20.98,124278.0
25.5,143371.85
11.04,79236.93
13.76,96798.54
8.29,76370.97
3.39,55814.85
6.27,52582.04
27.91,160780.73
23.71,143789.22
19.14,128813.94
16.63,116216.85
32.29,184809.54
2.55,30957.5
9.82,62266.66
12.25,85415.82
27.38,161329.96
34.74,186001.08
8.42,65367.94
30.6,182563.45
29.07,158845.27
7.86,72282.1
13.98,89999.69
14.34,106046.85
34.24,188851.53
6.33,48690.69
27.97,158104.91
11.7,79239.55
25.58,144438.8
14.7,95655.42
20.24,126852.69
29.14,167585.4
28.15,162505.68
30.32,161199.22
2.09,42610.34
24.22,139776.49
4.9,65784.41
14.55,88641.94
19.2,104599.05
14.1,99170.99
18.19,118653.69
34.88,187317.59
4.73,38432.47
23.64,150811.64
13.86,104535.31
4.66,29982.04
5.56,50706.87
33.22,203494.31
30.79,174117.86
31.75,178725.7
34.7,192802.11
7.29,51296.08
12.44,69700.47
23.42,145686.46
16.93,94127.98
14.64,99259.83
12.52,92201.81
20.78,113714.32
20.15,115790.41
5.65,65266.45
16.51,112154.41
19.37,115403.91
19.96,133157.8
7.35,71303.22
25.98,152305.64
0.88,25180.44
12.42,80555.5
27.31,160382.87
19.74,120474.8
9.14,75819.99
24.32,128038.01
19.86,109848.73
27.87,162913.58
25.73,144385.47
21.35,122883.32
17.09,95529.16
4.66,51315.84
9.15,67415.08
14.67,102858.64
20.98,127363.69
17.98,113658.82
10.09,81964.77
0.23,18075.15
17.37,116495.18
10.0,57345.63
25.71,141354.57
0.84,22283.87
20.47,131515.91
32.95,187663.9
6.1,56489.78
16.51,98201.04
3.2,42240.07
21.9,123833.82
19.27,123501.1
14.26,86454.26
18.25,127283.38
31.38,166903.37
6.87,52474.33
0.79,46582.37
30.16,171123.93
20.2,112672.66
31.17,181989.0
20.89,122426.3
28.36,157237.7
15.04,90149.57
26.25,175098.82
31.96,181731.27
20.02,106816.91
6.33,70100.22
9.41,74152.28
6.95,53106.13
8.64,57896.21
10.72,80729.26
19.43,118781.94
20.58,108915.9
14.93,114010.81
21.54,125237.16
2.86,55853.22
3.07,55052.97
6.01,47770.52
18.13,124252.59
7.49,55998.1
9.91,55312.0
14.01,89803.58
28.42,168083.94
0.49,26719.15
22.73,131088.57
23.41,146405.68
27.95,162796.98
32.65,179759.8
0.7,37827.08
5.38,55633.67
31.02,157905.97
16.05,108793.46
19.76,125502.81
23.21,135937.54
23.77,145915.5
32.61,181060.24
34.89,198807.55
25.21,132343.06
10.05,75265.71
30.79,194792.7
1.72,28917.94
8.09,57262.46
31.41,175248.67
8.97,68232.83
7.72,53341.68
4.83,55420.55
30.07,181529.85
17.5,117116.76
23.62,122620.65
8.37,73233.31
26.53,161229.97
26.6,160729.19
10.94,79255.42
14.37,97437.99
7.34,69770.83
34.18,209508.35
22.6,125042.91
32.71,196360.01
10.62,73750.87
27.37,157204.59
26.81,141841.52
24.21,138045.53
33.8,183176.5
13.77,88063.69
4.58,41466.4
23.51,133321.99
25.53,143982.24
20.13,124398.23
7.24,46911.5
17.66,101012.58
10.93,79090.36
14.96,92237.91
22.58,142221.24
26.08,152531.4
8.13,69027.71
14.19,106445.77
9.42,66379.84
6.95,54736.35
27.42,166035.89
31.82,187587.97
12.96,85591.6
26.29,163687.26
31.39,179413.35
29.61,172059.08
6.4,57837.02
33.47,182402.24
13.18,89166.82
11.87,92885.2
2.19,43571.19
17.02,110472.87
3.82,46214.03
8.7,68871.27
11.09,83233.79
28.31,169237.8
30.64,174594.3
10.59,77087.47
30.05,178331.32
30.0,165406.61
26.76,156077.6
5.13,34638.45
24.16,144337.42
33.08,194349.48
23.89,145267.84
11.61,76203.55
17.52,115288.19
22.6,145265.24
17.87,126304.64
4.2,48992.66
10.92,77176.11
28.08,172133.09
30.15,162018.49
4.81,48979.4
33.33,201145.54
11.51,87326.69
23.18,138794.56
26.31,139172.99
28.42,164296.75
33.1,183827.29
10.95,78957.0
30.05,205991.17
4.61,42219.88
24.68,125291.69
25.97,160344.59
23.72,134716.67
8.83,67918.27
30.56,176945.75
5.91,46829.29
1.88,27487.09
25.11,136604.82
16.64,102158.6
29.72,175488.46
13.42,83132.78
5.89,70673.9
29.28,178555.91
19.21,126885.71
6.62,57432.79
25.21,158576.89
17.89,112521.25
21.15,127176.05
16.13,107049.29
29.0,174200.57
29.03,173825.44
24.83,139601.02
3.69,42498.11
29.36,175755.25
23.49,143105.63
24.4,138062.23
12.7,72217.16
30.77,176343.93
25.39,151965.97
3.94,63482.64
14.27,84781.5
31.02,175750.72
1.65,33688.09
33.65,202589.87
23.77,138054.89
22.1,123400.85
9.47,73970.22
8.71,62654.2
32.97,177897.94
10.44,66029.46
27.14,171684.93
13.76,95182.03
4.87,52911.88
0.38,27923.06
19.05,121840.83
34.15,195433.23
12.92,89443.28
12.5,85517.97
12.04,89336.6
18.22,116048.39
15.42,93360.44
30.8,173015.42
17.69,96651.53
17.77,131063.82
4.84,59207.45
34.4,186948.41
8.75,63861.17
2.57,36313.1
23.21,148896.66
20.84,114189.88
14.53,97462.42
14.78,97016.5
27.48,166012.9
6.85,58373.59
28.71,151527.59
22.71,131470.68
14.66,89014.02
16.03,105735.46
8.98,107028.09
26.32,137247.16
17.95,107852.29
11.23,72870.29
20.86,123105.16
34.85,202071.78
15.23,99117.72
32.22,188615.31
12.08,76813.15
1.92,40345.0
7.15,66927.41
14.65,90996.36
7.69,68889.81
0.01,28487.84
32.03,193069.42
29.54,169618.88
25.98,153263.49
5.87,55424.5
4.21,48483.5
2.37,42914.16
25.34,150968.97
32.51,175710.56
15.07,111825.16
4.17,33313.19
17.93,108756.87
12.21,82079.05
13.12,91631.16
21.75,143124.52
25.16,129592.38
3.87,43517.96
1.25,16736.91
34.8,195857.14
8.15,66245.5
1.88,51746.87
6.65,59559.57
1.36,44326.73
13.71,96606.18
28.08,158991.97
11.94,69423.06
15.55,104707.6
23.65,125082.2
17.81,125028.19
30.15,173403.08
30.31,185813.43
0.35,25810.7
27.23,159771.86
16.13,107352.77
34.61,194454.69
16.91,106014.77
34.54,197907.77
26.41,144668.0
8.7,55787.66
18.84,129080.47
34.72,201468.94
30.01,174585.96
3.41,59908.2
24.72,140809.64
12.1,93485.13
0.24,30822.77
14.12,85361.19
8.22,79910.79
28.66,174602.82
11.81,79617.56
28.96,174170.35
0.02,24681.17
10.77,82295.91
8.44,44731.36
8.17,55377.95
2.39,49140.1
6.55,56070.71
19.44,122702.22
10.2,61027.41
14.61,112660.07
13.19,98666.09
30.66,175785.63
31.69,179169.17
17.25,120131.19
11.56,96137.96
3.74,55353.55
33.37,208397.89
2.11,31551.29
10.42,66549.07
10.43,63477.47
11.21,81240.7
5.75,56811.28
27.41,157286.6
4.29,56493.88
22.22,142083.79
4.33,36844.03
2.47,36156.77
31.83,190257.09
6.65,54589.83
28.74,159896.57
19.06,128068.22
2.72,31544.15
33.44,187663.76
8.64,68635.46
30.09,169557.13
5.91,62553.14
29.89,168491.46
0.46,42503.82
17.91,113411.65
26.93,161364.8
32.72,193574.7
31.82,177914.79
28.69,148885.85
31.09,182762.01
6.97,60306.87
9.95,76045.8
10.11,70161.23
13.2,84926.51
13.77,109029.65
19.06,106884.91
5.6,60988.77
24.19,135511.32
5.86,52883.93
10.86,72987.52
17.62,106288.36
27.88,166273.69
25.88,161273.53
22.59,137128.91
5.45,55093.64
19.15,111367.65
3.06,48522.36
13.21,106977.88
14.47,92916.92
1.39,32417.76
9.59,64969.61
33.45,186095.6
33.38,166635.11
12.33,87014.21
1.51,29045.08
6.27,43505.24
13.73,98130.31
33.17,179937.14
4.94,49384.58
26.72,166873.65
3.8,35559.66
34.34,180774.33
13.36,91816.74
27.13,166658.62
11.99,68278.19
21.97,134062.95
6.72,63738.08
5.11,35415.85
32.83,194505.93
32.12,192053.95
31.06,176918.4
21.89,140934.01
28.29,173600.58
2.42,41843.31
11.72,76324.25
10.98,68013.11
22.25,131394.09
12.46,89137.62
5.2,50497.18
20.88,107725.28
28.5,176020.71
13.37,91249.48
4.63,47794.03
6.88,66664.42
8.31,77522.97
10.5,50075.08
22.5,136427.1
21.03,114869.12
24.36,145481.56
12.69,86698.34
28.84,172659.41
7.14,56053.31
16.42,91205.47
28.03,158551.24
6.31,60783.65
3.85,56350.6
30.93,168937.25
12.0,90455.83
23.94,133629.92
0.89,35941.29
24.15,135854.23
11.06,78258.32
1.95,46156.19
21.34,117744.18
8.43,59227.79
13.54,92175.88
2.82,63385.04
5.15,45735.38
10.43,90909.71
3.14,61550.95
31.88,182685.3
0.21,26616.88
16.94,103920.55
4.31,49145.1
10.77,63266.68
32.41,185264.08
5.66,67708.48
33.8,186485.85
7.2,58463.18
25.95,135416.3
19.13,122879.98
30.96,181287.49
19.39,121264.55
18.71,116114.52
6.84,56737.67
5.82,59833.55
32.08,184174.59
11.47,57803.23
13.02,89390.2
26.59,163183.91
11.86,86686.98
33.32,191386.37
25.83,162050.05
20.91,130103.3
30.83,189490.1
1.74,42604.61
9.0,51595.17
16.28,117474.41
7.94,64337.45
26.04,149908.5
32.17,187240.06
14.83,95329.66
11.97,83500.92
33.65,186053.31
15.57,113333.37
17.12,109742.93
12.31,80185.14
31.83,175443.34
19.91,125044.79
26.68,155717.64
28.41,167993.05
11.96,72784.6
15.18,86667.32
29.7,177565.57
12.71,98382.9
27.79,152158.44
32.93,201659.6
21.81,132397.14
25.96,149828.33
28.18,159886.97
29.58,159795.2
13.83,100713.85
1.79,31159.62
14.07,87109.53
23.58,145899.14
15.76,87573.66
26.21,138432.78
12.49,84345.58
22.22,134078.98
6.52,62225.52
26.23,148901.52
19.1,141069.84
7.14,58356.94
10.22,70603.23
26.2,144536.23
16.89,110634.14
7.56,67019.18
33.85,202109.85
25.03,132049.4
33.5,188374.13
14.95,102739.54
16.63,113227.5
31.43,181436.12
18.38,121150.85
24.75,136375.38
8.83,79804.92
15.64,111308.02
4.32,38322.49
7.21,90989.84
0.03,19279.17
1.37,41273.27
34.2,182337.36
8.48,62401.86
23.22,139675.57
29.37,169803.58
19.27,122460.26
5.36,44809.8
25.48,152256.78
21.01,121691.54
25.59,145056.54
26.94,157744.08
34.14,193876.84
20.07,123580.24
11.96,75095.65
22.7,131017.35
2.4,40879.94
31.41,169597.55
4.18,45224.43
11.47,82150.09
28.55,154665.84
20.91,136346.53
13.78,102814.85
16.57,97351.05
29.91,184984.93
11.9,79939.36
30.44,179891.23
3.08,40022.34
27.19,165066.69
29.66,175516.12
6.36,50612.21
15.06,89696.71
5.79,43061.52
24.73,144725.57
18.74,122939.02
22.24,137201.06
6.88,58350.79
7.41,51418.46
1.45,30133.54
11.27,87584.38
19.59,117394.44
30.03,175323.26
23.34,127233.89
15.24,103480.74
33.36,186007.1
25.17,154385.25
32.56,193113.0
18.47,112709.69
9.06,66437.54
1.85,33356.03
25.41,134739.32
4.25,42151.51
10.6,41363.44
18.64,120414.98
19.75,123411.38
21.02,124382.99
5.82,63501.79
13.29,89679.14
21.6,135143.12
33.94,177154.41
25.47,113765.31
32.29,187791.01
26.68,142024.58
20.71,123971.89
6.72,56232.66
23.33,149831.72
21.82,133407.03
21.09,128607.14
17.14,117950.2
18.5,120215.59
11.71,76205.46
18.18,124769.53
6.91,50053.24
28.18,166030.15
6.5,44871.05
2.97,45447.7
15.27,102430.75
23.04,149289.55
15.32,87782.66
9.69,65054.12
19.54,128291.31
12.15,85370.94
32.65,188477.65
32.29,177258.08
17.58,107935.57
11.48,89445.32
25.8,148546.33
1.28,38218.42
16.62,107198.29
11.77,70397.52
32.22,192994.07
0.42,34572.24
19.35,114262.3
25.92,141061.27
16.98,116998.43
2.99,32639.41
34.04,193932.99
18.13,123760.35
21.5,111146.73
8.28,62705.71
16.92,104952.02
15.02,93391.54
2.62,45267.46
3.72,56672.78
29.31,168902.31
8.39,66621.75
6.82,60135.81
17.67,113389.21
26.91,146252.48
2.17,49123.47
20.19,126317.24
4.17,52487.16
1.28,28124.8
1.85,34121.92
29.2,167862.0
4.13,35906.6
1.58,22268.12
15.33,96015.19
29.54,175795.28
9.18,62467.55
14.76,89180.83
1.4,28709.75
15.72,99460.69
20.22,120907.15
19.98,141428.62
11.63,88678.39
11.04,85318.8
3.73,57151.99
12.84,77993.02
3.48,35705.48
26.83,145649.11
33.82,203084.66
33.95,187615.63
30.28,164835.27
21.03,123311.89
24.53,140061.2
9.98,73764.98
22.08,133161.65
15.95,97564.06
16.87,115305.65
26.52,147774.18
9.87,69635.56
11.13,82895.78
32.36,180238.6
1.97,33824.1
17.0,115143.71
31.95,176540.08
21.36,124976.59
19.12,124386.09
8.74,83684.98
12.01,86938.95
29.82,176972.52
19.57,125953.65
18.02,105826.87
3.49,47091.73
0.56,30816.2
33.73,194115.26
13.19,89561.5
21.11,130523.35
2.79,40176.25
23.91,139508.03
32.64,176463.33
20.15,148040.51
4.41,61963.58
20.36,127168.94
26.82,154827.21
14.22,110798.57
30.79,166640.02
22.7,124165.35
31.47,196157.33
21.82,130414.96
4.6,48820.04
10.84,65381.57
7.06,63817.42
31.81,187815.6
26.61,144452.16
23.67,136705.21
10.53,71220.11
6.44,59985.77
26.48,143417.65
16.6,118707.91
7.9,70819.68
21.58,126001.14
1.41,33872.56
11.42,77384.66
16.4,100422.9
5.18,49410.07
34.46,191968.38
7.32,74630.77
4.56,58795.45
7.12,68172.74
26.92,158722.67
14.89,89119.28
19.79,121931.11
0.74,40276.47
1.21,23899.67
15.6,108104.36
28.58,185458.05
30.98,188199.89
3.03,56025.1
18.84,120367.7
31.96,229967.29
13.58,84743.98
29.03,175177.21
4.68,56784.27
32.74,189787.01
26.3,163075.71
32.95,183619.76
23.68,136343.36
12.72,86604.97
32.84,178984.26
9.64,71908.51
11.63,65055.25
24.53,150978.2
26.79,155184.16
32.53,181994.73
7.17,53293.66
27.93,159757.3
25.85,155117.72
2.23,44689.55
13.55,84692.98
9.9,63905.78
10.66,80256.66
34.4,187892.39
22.5,133242.53
25.12,146241.93
34.18,195818.78
13.2,95910.93
28.06,151836.57
15.21,84200.96
30.43,171488.86
6.32,72700.74
33.17,206309.32
7.66,77703.7
11.42,76913.22
26.47,137729.45
13.78,72132.19
21.29,122740.81
15.56,100763.43
25.98,161093.97
7.99,70739.72
2.05,41003.49
10.5,66333.01
16.6,99927.14
5.88,57955.9
12.42,89987.85
14.0,96675.03
2.01,30082.49
20.42,130199.3
30.95,182635.57
5.31,44583.04
20.92,119914.29
23.27,141885.56
14.68,95359.12
24.54,155638.67
14.38,99836.11
17.66,109192.75
0.26,29314.74
24.21,141016.17
23.15,129314.31
1.34,27590.29
12.89,92740.74
34.27,200681.75
14.73,102772.57
17.57,125767.44
31.85,178762.14
25.1,159342.83
20.37,116847.33
27.92,153102.07
30.25,160378.36
15.99,101051.79
16.63,103957.32
13.51,94917.18
33.83,193874.27
24.4,131290.56
2.91,40082.11
30.2,171912.72
16.82,94122.83
2.41,32578.74
19.24,113575.93
14.6,109091.52
30.72,179455.61
7.14,65913.78
28.93,155031.06
19.52,131383.17
1.91,49427.57
34.01,175524.83
17.94,108617.87
10.18,76610.19
16.43,112672.94
30.03,168322.07
10.67,72147.19
6.74,53803.68
4.52,51504.92
10.43,83724.86
27.3,151359.61
16.51,116111.0
7.96,56609.22
5.82,48356.9
11.65,86729.35
32.9,195829.16
12.01,88981.66
34.58,183555.4
16.98,106083.22
6.27,64196.5
31.19,180563.76
16.11,96375.24
24.84,147587.45
34.43,188060.99
1.76,52804.54
3.38,58777.31
25.22,150854.23
9.86,82517.81
6.45,58392.63
1.38,42035.02
0.76,44748.9
27.11,158815.47
4.71,49156.47
16.37,92394.21
21.21,126945.46
14.99,106195.26
0.95,41235.22
27.42,162937.94
0.37,25407.27
26.67,137264.52
31.27,176375.96
15.15,97518.15
18.74,115441.59
16.69,113835.65
13.62,107980.77
31.06,180610.76
31.29,178851.4
11.75,78153.66
21.53,129936.05
32.44,179001.54
33.67,192176.82
17.81,117861.28
15.85,105841.47
9.75,74350.19
33.56,194396.11
5.0,37422.85
20.29,129622.14
9.89,65359.61
9.77,61195.13
14.17,84992.91
34.96,199885.48
1.92,36541.57
20.25,109741.39
2.89,47373.43
5.41,41813.8
15.38,102642.02
17.87,116297.21
9.06,75025.58
11.08,91917.96
3.04,32449.61
10.61,74009.36
33.83,189431.89
33.06,192377.54
11.72,82011.68
19.98,120017.94
31.84,179565.17
0.22,19687.54
28.37,172850.23
33.19,193122.3
3.2,52572.66
5.65,52314.75
33.63,185388.73
18.81,109226.81
0.5,33767.57
9.02,58494.26
15.75,119213.46
24.25,129568.93
25.66,150519.36
34.84,209056.09
10.06,76944.25
18.84,119984.33
18.67,109543.88
14.2,82776.3
5.92,62486.47
34.21,206083.47
29.87,169474.09
17.44,102605.26
21.11,106405.75
7.95,54888.43
19.03,118324.56
24.32,154636.62
18.03,120737.4
34.66,197628.22
21.4,124977.22
12.98,82378.78
27.03,168181.14
5.97,57812.35
13.46,72256.15
12.14,76787.14
15.11,92601.67
27.36,153639.85
16.95,114642.9
27.79,159986.13
20.18,123112.35
11.97,92723.46
28.35,158383.99
8.34,80516.51
7.85,57148.29
17.66,114065.35
9.13,65403.43
0.32,30783.35
22.69,137317.94
17.89,118058.74
15.59,96231.61
33.84,182292.76
19.99,144337.73
30.22,171046.28
4.88,57966.27
19.92,109128.92
30.38,173644.13
20.41,123560.82
25.13,149273.06
13.02,64414.06
3.24,46368.27
16.03,95261.74
13.81,94955.66
30.35,167039.01
8.54,58166.05
33.84,189479.25
33.53,181661.41
8.67,61891.93
12.18,72583.16
31.34,165389.92
33.83,200442.21
15.52,91206.62
11.23,76075.33
18.41,123097.82
24.07,134570.71
9.57,62646.98
25.78,150775.38
1.81,47327.44
1.73,27448.69
13.52,89219.6
12.37,69072.94
11.05,73283.89
17.19,111338.84
11.23,70281.85
6.73,54945.13
10.83,63566.01
34.12,193586.39
14.39,104629.0
15.56,93148.8
20.18,118480.45
34.42,198357.82
8.46,75416.95
23.84,126011.45
25.06,143435.54
21.26,130248.6
3.1,43450.16
23.69,116922.37
2.24,44346.82
20.86,139275.59
25.89,150467.22
7.38,52391.27
29.46,166514.91
1.06,48862.47
29.53,179052.27
16.11,110936.87
7.62,65018.23
4.68,45613.9
33.37,188219.12
2.54,40942.22
6.97,64348.14
12.17,95507.54
21.71,139083.69
19.07,107370.05
4.4,51977.2
10.14,78472.08
8.36,69992.72
7.47,56130.06
14.39,120431.93
24.64,131804.59
7.61,52764.53
12.83,88444.23
13.68,109450.58
34.18,186036.51
33.41,187857.09
28.0,171365.31
8.46,64970.11
2.38,37945.81
11.09,81661.74
9.34,70977.64
17.71,122297.8
27.22,168396.27
30.04,148381.12
29.57,174008.17
12.59,86860.51
24.05,143864.1
10.95,76597.01
2.13,39508.77
24.55,152386.19
0.34,7498.97
14.32,82441.29
11.53,79226.69
24.27,134911.64
26.82,152340.33
10.64,78026.51
28.41,170343.6
10.29,71941.0
15.62,86528.71
25.45,138783.33
24.25,148306.11
34.56,171342.82
7.88,73047.45
23.18,140086.92
21.34,139343.82
32.03,182510.62
5.47,36770.07
26.31,155625.07
19.89,133502.52
9.61,77702.16
16.61,102483.84
11.68,80706.88
20.28,119611.27
31.12,172873.72
19.93,130927.89
22.11,120982.54
18.16,107977.07
1.79,28349.97
8.15,51286.15
17.22,112460.93
10.86,103981.59
6.36,55954.32
17.64,100447.79
11.3,85064.77
9.03,81728.78
16.24,100693.35
4.66,47096.38
32.47,190553.2
30.37,189754.59
24.77,138895.63
3.72,35829.46
27.16,162391.78
28.28,170666.72
26.87,155356.34
3.99,43601.05
22.54,141349.31
29.2,173880.39
20.21,117348.79
22.62,133678.69
16.04,93633.39
18.5,122921.02
1.2,5211.56
22.36,128481.49
2.85,42839.71
15.23,100885.69
10.24,80293.61
19.09,124548.0
4.67,49853.2
24.21,146955.3
27.83,164518.96
5.72,51572.77
3.65,45798.09
5.09,51590.58
30.7,182009.68
18.49,113893.69
16.35,103479.66
3.73,63967.21
22.73,141712.44
30.38,169559.48
28.99,143414.66
21.91,131380.61
2.63,45387.78
3.93,49274.58
1.73,47502.52
9.01,70248.51
4.75,50969.65
9.1,76536.9
13.48,92223.64
33.0,189472.64
21.36,130918.26
29.22,168729.33
24.86,143895.97
3.94,43136.41
25.76,142357.08
9.63,61420.24
22.37,120373.87
11.93,73867.03
34.92,194565.22
9.22,69061.97
9.77,68222.7
32.57,201714.13
0.86,46109.4
24.38,150581.6
25.39,150446.19
29.27,186025.81
34.11,184559.8
34.15,209071.77
2.28,32094.61
28.76,168833.96
22.62,122419.51
22.66,133523.31
4.49,53745.53
22.76,132503.3
34.39,200036.85
31.91,184514.35
15.37,96926.82
1.4,30821.46
12.68,92461.55
28.92,162197.22
24.55,149983.9
16.08,115702.58
1.93,24274.16
14.94,108529.61
16.42,124638.68
32.5,188435.5
22.44,137581.59
10.91,84733.9
18.39,114239.38
2.31,41987.17
34.04,181439.55
12.6,86296.36
16.73,112970.95
12.43,88547.43
23.89,147964.99
23.18,129057.36
25.04,140218.28
9.39,84972.72
11.05,75354.62
4.38,51716.7
22.94,134045.24
1.39,28626.64
20.92,140364.42
30.44,171857.03
31.18,170575.19
15.72,99491.85
16.08,88287.43
2.69,36816.07
23.48,128757.34
28.74,171931.41
8.56,59803.22
14.75,105302.56
29.36,182200.24
30.7,184353.65
8.51,63496.4
19.27,121446.65
6.74,45896.34
3.57,45337.49
31.89,176246.31
28.72,172427.45
26.6,175547.35
1.71,41538.35
29.53,154376.01
15.33,98079.92
11.98,82663.25
19.13,120414.61
3.2,38564.25
26.48,155056.93
20.39,113992.14
6.53,50094.71
6.59,63819.61
6.45,49202.2
2.0,43380.4
20.57,113620.8
29.41,185620.05
0.61,24770.8
1.72,35432.93
20.05,126080.86
28.68,161507.89
11.44,79868.6
12.24,87925.13
20.87,134553.34
9.6,76500.78
0.93,31641.51
25.73,147357.71
21.9,150286.29
20.33,132405.42
25.96,142064.35
23.63,138557.0
7.21,57671.53
12.34,82451.63
4.41,39690.04
4.54,47177.19
23.67,153262.66
30.05,179155.04
33.7,170074.26
21.99,141033.69
6.44,67078.85
3.7,44013.5
28.45,171009.26
20.26,116761.69
21.64,125315.93
27.35,170952.89
24.61,140213.62
29.21,153526.71
1.97,38123.61
26.16,150419.6
29.78,182905.58
10.01,71753.45
22.42,128814.14
11.0,85246.69
33.53,191609.45
1.17,28028.11
20.29,134021.35
5.83,93376.02
24.93,144189.47
6.16,58303.02
8.24,55184.72
17.3,107134.95
32.02,184186.9
7.41,26816.25
5.05,63493.46
26.56,155305.74
17.52,119934.64
31.91,183747.19
5.13,61977.14
22.61,136570.25
8.15,64070.02
5.49,54231.2
23.92,130950.02
20.78,130345.87
26.42,152252.19
10.83,71267.78
15.68,112519.67
14.19,83858.44
34.44,190597.27
10.23,81355.78
10.32,75724.67
12.41,83606.44
19.76,124306.26
8.83,68108.67
32.04,171337.33
9.3,65529.13
31.35,194756.75
3.62,41122.28
22.98,132068.64
31.74,178282.87
5.91,55148.99
33.89,187068.93
15.85,108207.77
33.1,190513.73
23.69,144541.71
10.56,65244.24
6.59,55446.16
10.63,72624.87
3.26,48922.0
5.04,45884.94
3.66,54695.7
14.8,108177.41
27.85,152828.5
4.95,48116.11
4.56,46223.13
22.52,155202.9
6.9,55785.74
3.42,60053.42
5.84,44880.11
32.33,177141.49
28.75,160891.5
12.39,76728.51
22.95,132384.68
18.8,112329.45
23.7,131052.0
23.89,148782.59
22.01,141147.45
9.31,76628.05
1.37,39915.69
15.94,105376.01
31.18,175957.01
19.93,114731.03
29.13,172080.49
34.71,185242.23
5.73,46784.19
24.21,150287.14
23.6,153710.34
34.3,196966.33
34.5,203799.84
24.03,137522.18
8.53,54015.83
27.95,167073.89
3.75,52121.03
27.32,158661.61
31.86,181350.18
13.4,97958.38
22.07,122630.99
15.05,92982.5
15.32,92525.68
10.86,76416.12
26.67,144870.7
32.77,181623.02
32.93,182115.05
6.12,54436.21
30.62,164635.65
25.81,149785.26
8.85,77257.67
2.35,41808.11
9.38,81940.47
31.93,195074.49
22.16,137976.44
25.24,146468.66
9.0,67455.48
25.18,152007.72
0.98,30062.37
13.14,72226.85
21.94,134653.06
5.11,43314.82
28.81,158869.97
8.23,64240.85
22.83,133321.21
14.18,82425.6
20.86,127754.84
3.76,55559.64
0.59,21648.55
31.83,194123.91
9.44,55820.82
28.69,184348.69
34.98,192781.26
7.4,62451.23
9.28,52339.97
23.2,135212.35
33.79,193568.94
32.05,183580.02
17.6,108254.22
27.83,153088.01
4.75,61118.66
34.21,193540.56
33.75,204571.1
5.73,50771.91
10.48,70115.6
3.51,53133.45
9.51,55600.06
28.56,155253.99
13.24,98174.02
3.09,34326.08
11.98,66127.26
34.35,209701.1
22.04,119029.7
14.57,98263.89
5.83,56194.12
34.52,170583.31
28.73,164325.08
9.85,74706.24
2.45,44160.46
1.98,46416.78
4.21,46009.78
20.33,130389.32
32.51,180465.8
17.39,100031.76
29.5,160112.53
15.61,90277.73
24.8,152072.65
25.62,135064.68
6.09,58877.77
12.64,83090.75
22.31,131075.82
2.47,52850.01
12.65,81689.92
18.72,123191.37
34.87,196167.18
16.61,106842.48
28.56,185139.45
15.12,87697.68
27.87,172365.25
20.84,131844.68
31.03,175338.6
14.38,109469.42
21.15,111731.7
22.05,141510.2
14.61,86678.66
5.05,56190.29
3.27,35676.47
0.58,34874.07
30.57,175470.8
8.28,60355.26
7.4,64526.45
25.76,146481.66
11.2,68162.38
17.71,137370.07
5.69,50949.38
33.59,171982.1
29.81,165705.29
30.23,164456.49
14.24,101777.93
26.68,156900.44
5.04,56017.49
0.3,26499.23
0.7,29453.63
20.53,121950.52
15.94,103864.53
18.13,122561.15
0.26,32279.25
14.79,102291.22
25.13,149510.63
15.49,109593.3
25.63,150456.28
8.16,67024.49
28.46,175078.95
20.6,119691.77
7.38,53855.96
8.29,54381.97
21.98,132202.43
29.05,152732.9
14.55,100517.19
9.04,66499.7
30.35,185483.09
23.42,131036.35
15.68,101408.81
17.08,120048.22
7.15,72074.57
21.94,124696.54
12.56,86398.03
34.85,198271.04
16.81,112327.65
17.01,107926.6
19.8,133234.37
32.09,168399.34
28.03,158774.01
15.79,107538.03
25.15,149270.69
20.52,136553.58
17.23,121463.78
6.73,56409.62
16.24,117226.09
8.6,59616.38
32.02,192070.14
11.74,95668.47
33.33,200102.75
18.66,118635.52
22.1,128316.55
19.0,106176.91
4.53,53250.16
13.15,78851.83
3.47,39298.25
21.8,119827.47
15.64,98986.33
27.23,157235.82
7.72,64680.23
5.76,50250.16
14.22,103752.93
32.43,184222.97
24.86,137134.92
14.66,99191.39
18.1,132035.34
2.95,46436.26
34.46,191170.67
23.32,123311.57
9.99,69650.02
20.5,126995.67
3.83,44366.79
33.8,177524.91
6.12,49422.04
22.68,145863.14
8.59,77825.08
25.11,137631.83
27.19,162944.12
23.57,127395.47
21.51,140738.7
31.24,182525.54
2.75,50709.2
11.58,64851.09
8.69,71784.06
34.58,194659.4
13.63,98381.56
25.64,155861.19
23.97,139840.1
7.42,56187.94
8.36,71392.63
9.84,70353.22
14.39,88239.8
8.2,56324.6
0.69,19210.4
30.78,173789.2
33.8,201022.09
11.95,82973.84
11.85,76368.69
0.25,36192.67
23.81,131456.02
28.89,168366.79
5.13,51470.99
5.59,61345.12
27.65,146651.9
21.57,121816.73
1.57,22636.95
21.79,127686.56
10.81,85736.65
12.91,82579.59
26.94,151379.32
28.38,171916.41
14.01,102504.44
33.15,188291.22
14.23,100511.19
27.01,147011.98
16.94,121518.89
31.41,199572.71
31.77,187444.08
3.06,26407.58
32.78,182741.15
28.89,172785.09
27.7,156738.36
7.03,70715.99
28.18,168270.13
29.75,166572.15
10.12,72390.35
33.33,182177.59
1.75,35940.74
5.25,48725.95
18.82,128383.91
20.15,141659.26
22.58,120912.65
0.59,14902.95
33.61,188834.78
1.56,23604.53
5.01,52910.51
0.49,37047.69
19.84,135178.5
32.63,188566.67
23.31,134580.83
28.79,150159.56
0.46,30763.21
18.97,119643.62
16.08,110782.35
17.46,106371.16
2.53,37827.48
23.96,126669.02
17.61,93621.09
26.78,145330.25
16.99,96706.58
5.23,56231.68
